Date,Open,High,Low,Close,Adj Close,Volume
2015/04/16,3045.85,3183.58,3033.25,3183.30,171967554,237185826816.00
2015/04/17,3251.98,3271.57,3216.21,3235.33,207659934,285355311104.00
2015/04/20,3267.85,3296.18,3146.84,3164.46,265976127,396545654784.00
2015/04/21,3163.29,3214.89,3135.22,3214.36,184427692,269227098112.00
2015/04/22,3219.70,3300.84,3204.44,3299.22,201738071,330229055488.00
2015/04/23,3311.07,3313.81,3245.76,3273.40,177137931,293820858368.00
2015/04/24,3226.38,3250.23,3161.97,3223.96,185135936,297582755840.00
2015/04/27,3257.97,3313.25,3257.97,3308.45,200266975,308262699008.00
2015/04/28,3309.53,3370.03,3255.77,3282.33,266042859,373574205440.00
2015/04/29,3268.52,3304.71,3243.54,3283.28,146666285,228829609984.00
2015/04/30,3290.58,3309.42,3249.25,3250.49,146288279,230961430528.00
2015/05/04,3250.12,3273.15,3204.31,3272.00,133270953,207062515712.00
2015/05/05,3266.81,3270.96,3132.94,3148.81,170607781,260105797632.00
2015/05/06,3175.89,3244.60,3110.11,3139.02,147991138,255658442752.00
2015/05/07,3116.79,3142.14,3093.73,3094.88,109440929,163519856640.00
2015/05/08,3126.00,3138.66,3045.01,3110.45,103278165,152427970560.00
2015/05/11,3112.24,3169.87,3075.20,3169.13,133766659,194746892288.00
2015/05/12,3162.67,3200.18,3136.46,3188.31,130813054,199503822848.00
2015/05/13,3188.06,3188.96,3122.34,3141.30,117305504,174969585664.00
2015/05/14,3136.13,3153.75,3107.68,3128.57,105338706,153091932160.00
2015/05/15,3122.89,3124.61,3044.85,3060.41,109993195,161060864000.00
2015/05/18,3032.71,3045.59,2997.13,2998.39,87041724,130095423488.00
2015/05/19,2996.84,3127.00,2996.72,3116.09,111206627,177662164992.00
2015/05/20,3127.57,3181.54,3105.63,3122.85,124557332,193487503360.00
2015/05/21,3132.34,3156.49,3111.00,3150.90,94755784,147586629632.00
2015/05/22,3180.39,3249.52,3170.45,3248.86,150021104,231552876544.00
2015/05/25,3263.96,3350.52,3263.96,3349.95,158585710,252774285312.00
2015/05/26,3382.76,3390.29,3320.15,3386.59,147894684,246793748480.00
2015/05/27,3390.98,3404.76,3327.24,3344.74,147470539,243480838144.00
2015/05/28,3336.70,3350.22,3120.97,3124.62,178255206,269774192640.00
2015/05/29,3127.64,3161.58,3036.96,3111.33,133784404,198756335616.00
2015/06/01,3114.79,3250.60,3082.16,3244.32,141023373,208883531776.00
2015/06/02,3240.80,3269.22,3201.22,3258.31,134800533,192594411520.00
2015/06/03,3251.91,3259.71,3193.54,3238.43,128306977,190395613184.00
2015/06/04,3244.46,3316.50,3113.22,3299.03,184567939,254373134336.00
2015/06/05,3349.57,3365.59,3234.25,3303.99,188145648,270740078592.00
2015/06/08,3333.83,3469.22,3308.30,3458.71,248254042,350471159808.00
2015/06/09,3494.82,3494.82,3376.02,3414.00,220448561,340397064192.00
2015/06/10,3362.81,3415.28,3338.68,3370.38,155294691,246677078016.00
2015/06/11,3369.00,3383.49,3313.59,3347.12,138073848,226193702912.00
2015/06/12,3364.44,3374.81,3319.20,3350.25,145262255,225464238080.00
2015/06/15,3359.71,3366.84,3254.62,3262.48,167322559,249139888128.00
2015/06/16,3233.15,3275.47,3149.08,3179.65,155969898,215445602304.00
2015/06/17,3198.14,3222.44,3144.49,3211.71,159571563,207598403584.00
2015/06/18,3183.23,3183.23,3067.48,3068.49,137345042,182753378304.00
2015/06/19,3030.22,3067.82,2900.79,2903.06,131783924,175635857408.00
2015/06/23,2907.07,3007.63,2822.47,3003.16,135617644,181578416128.00
2015/06/24,3009.77,3052.11,2962.65,3045.24,141585882,192146964480.00
2015/06/25,3069.40,3082.56,2929.11,2943.99,160158307,220485926912.00
2015/06/26,2875.12,2953.96,2678.77,2736.70,183355804,239246442496.00
2015/06/29,2802.77,2822.11,2530.83,2678.37,212018714,268112920576.00
2015/06/30,2678.63,2872.51,2628.00,2870.03,219592298,275002228736.00
2015/07/01,2823.94,2872.91,2721.48,2736.85,169957702,218026246144.00
2015/07/02,2767.99,2805.67,2611.86,2714.25,209045754,245275787264.00
2015/07/03,2674.56,2738.66,2511.16,2582.27,184361918,212838563840.00
2015/07/06,2807.75,2807.75,2649.56,2750.00,344834279,383917326336.00
2015/07/07,2682.50,2825.49,2612.11,2812.45,350314798,428297519104.00
2015/07/08,2596.71,2760.52,2546.46,2608.98,377459400,407199219712.00
2015/07/09,2575.34,2828.75,2493.64,2781.08,271176770,304601923584.00
2015/07/10,2749.12,2997.60,2717.71,2898.41,296251842,361175449600.00
2015/07/13,2855.70,2949.20,2805.91,2869.05,233341055,289573732352.00
2015/07/14,2821.97,2843.25,2717.03,2763.07,194368424,234177773568.00
2015/07/15,2725.92,2779.95,2665.95,2757.95,185948028,211874742272.00
2015/07/16,2754.83,2780.00,2708.72,2742.85,135246163,151401562112.00
2015/07/17,2756.87,2834.18,2723.74,2807.06,130241112,160825180160.00
2015/07/20,2798.56,2815.70,2766.94,2783.76,130862495,166660030464.00
2015/07/21,2757.66,2799.82,2743.15,2772.77,115826578,152027267072.00
2015/07/22,2757.28,2771.00,2721.35,2739.79,106654530,140089835520.00
2015/07/23,2741.42,2796.37,2736.38,2790.76,113582039,151861837824.00
2015/07/24,2794.05,2807.62,2735.30,2741.04,123928908,163019751424.00
2015/07/27,2698.80,2715.36,2491.12,2493.29,136645104,158951325696.00
2015/07/28,2427.03,2531.23,2400.87,2485.67,140338855,164763025408.00
2015/07/29,2496.90,2535.60,2459.08,2531.44,93078154,112668844032.00
2015/07/30,2525.08,2548.27,2459.92,2467.37,86949827,108522364928.00
2015/07/31,2452.05,2490.66,2432.49,2461.24,74725374,88953036800.00
2015/08/03,2433.24,2479.95,2419.85,2479.72,88073410,96775634944.00
2015/08/04,2476.16,2535.28,2462.73,2534.71,66032317,79544147968.00
2015/08/05,2529.13,2537.35,2485.60,2487.06,62889670,79648358400.00
2015/08/06,2452.53,2505.53,2446.96,2467.52,47800047,60255514624.00
2015/08/07,2489.81,2520.04,2479.25,2503.80,57563239,73033097216.00
2015/08/10,2527.62,2626.36,2517.95,2617.66,109626613,135665860608.00
2015/08/11,2612.95,2623.84,2578.65,2590.71,99584256,126415896576.00
2015/08/12,2562.68,2598.51,2557.26,2561.13,75352530,103960469504.00
2015/08/13,2562.87,2585.92,2522.35,2580.78,70080742,92171460608.00
2015/08/14,2588.43,2592.17,2565.59,2577.04,72941572,98274811904.00
2015/08/17,2560.37,2561.96,2524.13,2550.47,71133819,91571511296.00
2015/08/18,2554.08,2572.21,2405.83,2407.97,101248713,125516447744.00
2015/08/19,2379.21,2431.61,2326.24,2430.28,90485319,100388487168.00
2015/08/20,2406.57,2421.03,2356.33,2356.92,68346853,74859839488.00
2015/08/21,2336.45,2362.84,2261.31,2271.36,78467553,85908971520.00
2015/08/24,2195.46,2203.63,2046.84,2058.25,115420383,111341101056.00
2015/08/25,1947.14,2044.56,1890.38,1914.05,118569577,109950394368.00
2015/08/26,1930.20,2028.40,1874.22,1942.45,124111796,113224245248.00
2015/08/27,1989.59,2095.46,1957.74,2094.72,116585470,112381616128.00
2015/08/28,2120.36,2167.90,2097.78,2159.96,115299860,117095079936.00
2015/08/31,2135.60,2214.11,2071.41,2210.45,117193052,122180280320.00
2015/09/01,2155.96,2239.46,2103.48,2230.32,158310344,147365363712.00
2015/09/02,2143.24,2248.77,2137.19,2243.63,166061448,148869496832.00
2015/09/07,2215.18,2247.44,2127.48,2133.98,85672057,82337816576.00
2015/09/08,2115.90,2185.40,2084.03,2180.13,61980414,61093085184.00
2015/09/09,2186.37,2225.27,2175.77,2211.20,76962973,81846247424.00
2015/09/10,2183.61,2218.14,2175.37,2208.48,53035319,57056317440.00
2015/09/11,2199.58,2218.82,2180.23,2195.39,36221969,39906029568.00
2015/09/14,2205.71,2228.96,2126.29,2228.15,84785358,92470910976.00
2015/09/15,2179.24,2188.36,2142.02,2175.17,55484328,54339604480.00
2015/09/16,2161.01,2277.58,2142.20,2241.95,56026548,57555615744.00
2015/09/17,2223.40,2260.85,2194.03,2194.82,55842887,60336914432.00
2015/09/18,2204.58,2226.75,2192.27,2198.99,36074301,37835419648.00
2015/09/21,2185.08,2220.02,2176.66,2214.45,36901513,40143069184.00
2015/09/22,2217.78,2259.07,2210.49,2237.31,42563767,48474976256.00
2015/09/23,2208.25,2219.24,2174.92,2178.55,34234548,37515857920.00
2015/09/24,2190.31,2198.49,2170.68,2188.09,25074852,28435040256.00
2015/09/25,2180.29,2191.36,2150.02,2183.40,35992010,36738195456.00
2015/09/28,2169.15,2175.97,2145.75,2169.94,20268618,20171335680.00
2015/09/29,2139.80,2145.99,2114.30,2127.20,25482560,25518108672.00
2015/09/30,2138.15,2161.71,2133.88,2146.12,25026925,27561758720.00
2015/10/08,2231.02,2231.24,2189.99,2191.34,39255630,45316636672.00
2015/10/09,2202.13,2226.42,2195.16,2219.29,33135222,34896510976.00
2015/10/12,2223.33,2308.19,2220.63,2283.43,62354545,67779919872.00
2015/10/13,2268.76,2282.04,2259.27,2270.95,36904537,39806828544.00
2015/10/14,2263.59,2284.62,2252.38,2253.91,41961463,43702042624.00
2015/10/15,2254.40,2297.96,2252.33,2297.90,46942189,51270529024.00
2015/10/16,2310.35,2328.30,2301.49,2323.78,60168475,68286763008.00
2015/10/19,2329.40,2346.35,2303.17,2318.47,53225380,62261182464.00
2015/10/20,2312.53,2337.80,2297.75,2337.08,46698905,53385977856.00
2015/10/21,2338.71,2369.37,2268.82,2340.36,97671718,101098774528.00
2015/10/22,2306.07,2337.40,2297.05,2331.79,54651781,58117038080.00
2015/10/23,2334.54,2350.12,2319.77,2343.96,48854813,55499001856.00
2015/10/26,2366.84,2381.71,2340.50,2350.02,52798208,65318858752.00
2015/10/27,2343.87,2353.65,2302.09,2349.90,46643220,55912464384.00
2015/10/28,2338.39,2342.45,2308.55,2310.70,40939162,46039203840.00
2015/10/29,2317.48,2323.45,2301.37,2307.35,29257579,33423652864.00
2015/10/30,2307.76,2336.04,2298.97,2312.97,37173556,44039499776.00
2015/11/02,2291.25,2310.83,2279.47,2280.09,33098994,36611440640.00
2015/11/03,2283.80,2294.42,2265.67,2271.65,27317118,29524654080.00
2015/11/04,2277.20,2374.02,2277.20,2370.50,62000309,72905588736.00
2015/11/05,2368.61,2503.65,2365.85,2440.65,148745222,182382018560.00
2015/11/06,2430.65,2501.40,2427.28,2493.48,102199298,127824379904.00
2015/11/09,2501.73,2592.19,2501.73,2534.08,133190838,157351837696.00
2015/11/10,2504.25,2559.83,2498.46,2522.68,90872224,111933014016.00
2015/11/11,2516.35,2517.51,2474.04,2505.83,66089396,81052524544.00
2015/11/12,2513.11,2513.70,2466.29,2476.43,58391260,73592455168.00
2015/11/13,2454.18,2481.18,2444.20,2447.77,55930737,72056905728.00
2015/11/16,2410.04,2447.50,2407.94,2447.29,42344114,52138987520.00
2015/11/17,2462.22,2514.46,2449.74,2453.26,68244705,89093562368.00
2015/11/18,2455.58,2473.45,2433.46,2439.45,59872626,72688328704.00
2015/11/19,2444.88,2469.01,2436.90,2468.49,41949234,48802525184.00
2015/11/20,2469.70,2483.89,2458.78,2466.76,48099426,56175624192.00
2015/11/23,2465.81,2485.42,2451.55,2456.84,44090329,54186057728.00
2015/11/24,2449.97,2452.35,2421.39,2447.90,40952414,47603580928.00
2015/11/25,2441.73,2460.18,2430.35,2459.56,42602899,51769942016.00
2015/11/26,2468.52,2481.39,2450.10,2450.96,44936629,56095625216.00
2015/11/27,2438.18,2439.70,2320.07,2334.44,55953595,65740271616.00
2015/11/30,2325.07,2347.84,2280.68,2336.29,52561629,55296921600.00
2015/12/01,2334.14,2365.15,2314.79,2344.83,41934911,43612909568.00
2015/12/02,2341.43,2463.90,2337.03,2458.41,81676934,86349471744.00
2015/12/03,2441.91,2481.54,2422.56,2461.45,81744001,76165005312.00
2015/12/04,2438.39,2442.25,2392.88,2397.56,47838541,47769841664.00
2015/12/07,2398.09,2404.91,2379.55,2395.58,29174395,31915980800.00
2015/12/08,2381.68,2386.28,2356.93,2364.34,33813694,37192974336.00
2015/12/09,2357.88,2386.28,2356.94,2369.74,28420592,32031217664.00
2015/12/10,2369.59,2402.69,2353.22,2357.21,31997618,36125749248.00
2015/12/11,2346.86,2357.08,2324.63,2342.45,31590449,36142268416.00
2015/12/14,2319.20,2418.56,2316.90,2414.92,47486653,59498180608.00
2015/12/15,2408.15,2410.09,2377.07,2383.83,34608353,44351836160.00
2015/12/16,2389.25,2394.17,2371.43,2376.54,28490923,33463611392.00
2015/12/17,2391.40,2424.90,2386.09,2408.32,44035118,52238794752.00
2015/12/18,2405.86,2466.35,2404.15,2422.83,53967334,61122605056.00
2015/12/21,2415.63,2513.49,2414.84,2500.06,73671087,85785190400.00
2015/12/22,2499.66,2506.87,2477.67,2496.05,51248803,64840179712.00
2015/12/23,2497.37,2550.90,2492.43,2503.06,68188855,90512023552.00
2015/12/24,2498.77,2505.70,2451.45,2481.75,48303842,61250646016.00
2015/12/25,2483.66,2496.84,2474.33,2492.34,29623024,37440811008.00
2015/12/28,2498.78,2502.33,2411.21,2411.41,48200591,56480251904.00
2015/12/29,2408.93,2435.62,2405.17,2432.88,27597306,32289796096.00
2015/12/30,2432.18,2434.52,2399.92,2432.77,28420662,34438639616.00
2015/12/31,2426.81,2437.72,2409.76,2420.80,29972722,34587021312.00
2016/01/04,2417.02,2417.02,2269.97,2270.46,34620851,37753720832.00
2016/01/05,2230.08,2309.59,2223.05,2288.11,48075962,51045134336.00
2016/01/06,2284.92,2321.17,2274.47,2317.65,38088820,39894990848.00
2016/01/07,2281.88,2281.93,2171.32,2180.59,11081575,11474807808.00
2016/01/08,2225.48,2257.41,2154.58,2219.61,51525931,53797580800.00
2016/01/11,2182.85,2202.32,2119.70,2120.23,48483505,48888156160.00
2016/01/12,2135.94,2151.40,2115.36,2131.37,35144374,36195368960.00
2016/01/13,2152.72,2157.51,2104.93,2105.51,32024944,32986275840.00
2016/01/14,2056.41,2136.06,2052.30,2132.08,36630965,35415650304.00
2016/01/15,2119.56,2128.95,2058.70,2070.93,34641623,33603672064.00
2016/01/18,2040.41,2092.40,2039.05,2069.27,26806095,25299830784.00
2016/01/19,2075.19,2135.36,2060.28,2128.57,37222168,37594148864.00
2016/01/20,2115.13,2124.15,2076.16,2088.72,39221145,39259455488.00
2016/01/21,2069.39,2112.73,2040.53,2040.98,34354515,32473757696.00
2016/01/22,2062.63,2074.17,2026.27,2061.96,27065196,25575155712.00
2016/01/25,2067.56,2074.90,2049.25,2065.44,21741074,19964755968.00
2016/01/26,2046.04,2050.45,1944.91,1951.61,37751437,34523877376.00
2016/01/27,1961.40,1972.16,1908.04,1953.46,39302664,34956353536.00
2016/01/28,1943.83,1960.95,1900.35,1912.72,29716553,26312112128.00
2016/01/29,1915.13,1986.72,1914.40,1973.01,38242877,33961256960.00
2016/02/01,1970.21,1973.10,1917.24,1937.07,27335160,23805513728.00
2016/02/02,1935.22,1978.29,1934.91,1969.62,26156540,23459043328.00
2016/02/03,1947.83,1955.09,1929.81,1952.37,21970080,19391561728.00
2016/02/04,1962.87,1983.25,1960.13,1974.24,25020305,22994237440.00
2016/02/05,1970.69,1979.39,1962.23,1967.26,20455795,20020498432.00
2016/02/15,1916.42,1958.22,1914.49,1948.28,18893231,17604886528.00
2016/02/16,1957.91,2005.42,1957.54,2000.90,30607291,26813073408.00
2016/02/17,1997.68,2020.08,1993.89,2014.44,34373548,30392064000.00
2016/02/18,2022.55,2034.16,2007.22,2009.27,30938607,28583892992.00
2016/02/19,2005.41,2013.78,1993.05,2004.11,21639290,19326969856.00
2016/02/22,2025.18,2064.61,2016.36,2053.86,39059284,36475281408.00
2016/02/23,2051.57,2051.57,2013.98,2029.52,26876191,25027930112.00
2016/02/24,2020.59,2041.88,2009.35,2041.39,26228917,24061302784.00
2016/02/25,2038.16,2038.18,1925.20,1932.60,42459563,36399665152.00
2016/02/26,1946.96,1965.91,1930.00,1955.40,26306764,22745280512.00
2016/02/29,1951.68,1953.32,1891.10,1944.61,39161583,33168529408.00
2016/03/01,1944.56,1988.57,1931.98,1973.19,29595859,27992084480.00
2016/03/02,1980.46,2045.82,1979.17,2043.41,50978802,46820917248.00
2016/03/03,2043.37,2057.16,2031.54,2053.27,45476671,43399573504.00
2016/03/04,2045.12,2128.57,2040.08,2122.27,85953126,78672199680.00
2016/03/07,2122.55,2133.56,2097.78,2107.67,40058732,38149431296.00
2016/03/08,2102.25,2118.04,2037.29,2115.16,39003355,35705184256.00
2016/03/09,2073.27,2112.86,2053.84,2111.92,38083290,34644426752.00
2016/03/10,2089.86,2102.99,2060.06,2061.45,20872981,19900999680.00
2016/03/11,2043.25,2071.09,2039.59,2070.72,24443461,23904780288.00
2016/03/14,2079.91,2117.83,2071.12,2078.41,35114617,35565109248.00
2016/03/15,2077.51,2105.04,2055.32,2101.12,34647131,32999424000.00
2016/03/16,2087.28,2142.16,2084.77,2136.13,60381577,57696395264.00
2016/03/17,2135.06,2156.89,2113.44,2131.48,38077902,38825807872.00
2016/03/18,2140.27,2165.15,2131.38,2141.18,62257624,60631658496.00
2016/03/21,2156.95,2214.64,2154.49,2193.39,78264665,85196922880.00
2016/03/22,2181.98,2196.37,2167.43,2173.26,50531245,54395174912.00
2016/03/23,2170.16,2186.02,2159.46,2175.28,35247664,38676054016.00
2016/03/24,2161.17,2161.17,2137.19,2137.59,33879927,36127199232.00
2016/03/25,2137.15,2156.80,2135.53,2149.20,22781049,25542246400.00
2016/03/28,2152.81,2166.92,2116.98,2123.03,25905906,27760611328.00
2016/03/29,2127.80,2133.81,2100.92,2106.86,25654604,26393057280.00
2016/03/30,2124.53,2160.50,2124.09,2157.53,35633829,34688339968.00
2016/03/31,2166.42,2171.79,2149.24,2156.54,32281837,32777717760.00
2016/04/01,2156.78,2168.33,2124.13,2167.78,34903898,32422111232.00
2016/04/05,2151.37,2186.92,2147.09,2180.26,38874521,37084442624.00
2016/04/06,2167.45,2176.90,2156.52,2168.04,28349678,27380832256.00
2016/04/07,2174.88,2177.12,2138.33,2139.40,25833044,25519468544.00
2016/04/08,2125.45,2132.73,2114.26,2123.80,22822747,23132416000.00
2016/04/11,2140.56,2167.65,2140.56,2148.44,30212504,33903808512.00
2016/04/12,2147.81,2150.57,2135.29,2143.90,19392198,19123929088.00
2016/04/13,2157.21,2197.74,2157.21,2171.31,51114468,51256823808.00
2016/04/14,2183.12,2190.87,2166.63,2178.87,24878856,25373585408.00
2016/04/15,2182.11,2190.73,2172.97,2182.07,23818860,25223151616.00
2016/04/18,2166.00,2168.90,2154.38,2158.23,24410918,25800374272.00
2016/04/19,2169.89,2173.09,2156.18,2163.61,18390650,19323711488.00
2016/04/20,2166.28,2169.65,2093.82,2154.89,47565258,48235896832.00
2016/04/21,2138.29,2171.45,2129.91,2147.72,30628951,32429379584.00
2016/04/22,2135.92,2161.80,2133.81,2157.72,20198569,21289912320.00
2016/04/25,2149.25,2156.53,2130.30,2148.28,17156071,19007262720.00
2016/04/26,2146.41,2163.24,2140.57,2155.79,15444290,16801368064.00
2016/04/27,2157.86,2159.13,2143.90,2145.38,14520801,15736109056.00
2016/04/28,2149.07,2155.57,2131.86,2142.06,17358106,17850408960.00
2016/04/29,2136.84,2146.32,2134.19,2135.51,15948538,17090292736.00
2016/05/03,2136.20,2167.73,2131.38,2158.27,25815215,27269576704.00
2016/05/04,2152.43,2159.65,2147.76,2152.93,17426893,18144468992.00
2016/05/05,2149.47,2155.47,2145.11,2152.88,14777452,14787713024.00
2016/05/06,2152.50,2153.87,2106.44,2107.01,24642275,25367199744.00
2016/05/09,2100.64,2100.64,2064.69,2072.47,24022253,22941014016.00
2016/05/10,2061.99,2084.70,2061.99,2072.38,17165746,17240678400.00
2016/05/11,2078.29,2089.12,2068.65,2078.41,18058633,18032556032.00
2016/05/12,2067.75,2089.65,2055.51,2084.84,17927530,17443295232.00
2016/05/13,2079.64,2089.84,2072.26,2076.19,15287869,15135709184.00
2016/05/16,2068.92,2082.86,2064.68,2082.62,13579244,13252816896.00
2016/05/17,2081.57,2083.85,2069.27,2075.47,14850963,13798390784.00
2016/05/18,2067.72,2081.85,2053.72,2078.76,23037112,22436931584.00
2016/05/19,2072.37,2083.13,2069.90,2073.80,14050006,13350531072.00
2016/05/20,2067.46,2083.51,2064.44,2083.12,13890172,13661635584.00
2016/05/23,2082.97,2095.17,2077.94,2082.41,14479211,14371087360.00
2016/05/24,2080.01,2080.07,2062.50,2066.64,13104443,12004956160.00
2016/05/25,2079.48,2084.13,2068.68,2071.91,11284997,11048976384.00
2016/05/26,2070.24,2083.06,2062.17,2076.14,13126512,12358055936.00
2016/05/27,2075.21,2080.49,2069.52,2074.92,10577492,9750472704.00
2016/05/30,2076.93,2093.77,2065.64,2092.16,17714385,15915924480.00
2016/05/31,2092.22,2158.12,2092.22,2155.66,40651742,40508297216.00
2016/06/01,2155.50,2158.72,2138.56,2138.96,25473324,25762502656.00
2016/06/02,2138.21,2144.32,2129.94,2137.65,16356666,16575050752.00
2016/06/03,2146.56,2157.07,2135.53,2152.64,20526152,22672476160.00
2016/06/06,2148.96,2151.06,2131.92,2136.32,13658837,14937594880.00
2016/06/07,2141.65,2145.71,2134.61,2139.07,14068491,14201054208.00
2016/06/08,2137.18,2138.85,2124.84,2132.96,16405791,16913874944.00
2016/06/13,2113.91,2122.46,2083.29,2084.30,21028771,21548599296.00
2016/06/14,2080.90,2098.06,2079.40,2095.02,15354924,15175833600.00
2016/06/15,2073.47,2115.38,2073.10,2106.63,19549925,19789058048.00
2016/06/16,2095.36,2105.25,2091.49,2094.81,17968861,17158684672.00
2016/06/17,2093.69,2115.42,2093.69,2102.20,17846082,16777643008.00
2016/06/20,2109.57,2110.89,2092.83,2104.22,12091160,11798703104.00
2016/06/21,2108.87,2130.90,2100.06,2104.56,17699905,18104606720.00
2016/06/22,2101.05,2116.30,2098.63,2115.77,13548733,12787841024.00
2016/06/23,2114.77,2114.77,2098.36,2105.53,15282345,14035828736.00
2016/06/24,2100.00,2112.61,2052.98,2076.30,22607830,21619298304.00
2016/06/27,2070.94,2096.20,2070.82,2095.89,16488467,17695451136.00
2016/06/28,2089.35,2104.48,2084.18,2102.05,17588206,18316273664.00
2016/06/29,2105.76,2124.29,2104.23,2122.97,29455726,27166105600.00
2016/06/30,2123.87,2130.98,2120.41,2122.63,20354517,20359577600.00
2016/07/01,2124.40,2133.35,2122.87,2127.09,16132804,16184477696.00
2016/07/04,2121.90,2169.62,2120.49,2163.29,30862031,31651790848.00
2016/07/05,2162.09,2174.42,2159.90,2168.86,32307728,29936900096.00
2016/07/06,2161.58,2169.46,2149.04,2167.10,24538449,23724877824.00
2016/07/07,2161.36,2173.70,2153.77,2166.88,26977710,26449563648.00
2016/07/08,2156.38,2158.77,2147.14,2148.76,19358789,20096991232.00
2016/07/11,2152.74,2175.24,2150.37,2155.72,28609245,29698289664.00
2016/07/12,2156.63,2201.63,2156.59,2200.35,40253733,40015835136.00
2016/07/13,2195.98,2222.25,2191.59,2197.79,43279797,41817571328.00
2016/07/14,2195.34,2199.84,2184.49,2195.23,24152543,23660169216.00
2016/07/15,2196.95,2200.88,2186.36,2192.39,21585227,21378465792.00
2016/07/18,2190.47,2205.80,2184.05,2187.98,29527180,28441559040.00
2016/07/19,2188.80,2193.57,2163.31,2175.40,21809135,21347840000.00
2016/07/20,2173.55,2178.00,2163.11,2167.12,14561926,14688862208.00
2016/07/21,2168.48,2185.62,2168.48,2177.78,18046754,18997293056.00
2016/07/22,2175.98,2177.44,2154.36,2157.23,18389190,17796929536.00
2016/07/25,2155.32,2167.51,2152.09,2159.55,14528144,13822559232.00
2016/07/26,2156.81,2183.06,2156.77,2182.50,18406051,19332968448.00
2016/07/27,2182.72,2186.08,2125.27,2173.97,37934806,37415329792.00
2016/07/28,2160.16,2173.08,2153.89,2163.81,25875423,24628707328.00
2016/07/29,2163.64,2166.85,2151.93,2155.24,18714730,17188356096.00
2016/08/01,2151.54,2155.79,2136.11,2147.56,20155396,18590040064.00
2016/08/02,2145.82,2151.29,2138.19,2148.45,12592111,12398907392.00
2016/08/03,2140.15,2149.90,2136.60,2145.79,15306893,14032573440.00
2016/08/04,2145.66,2146.60,2130.17,2143.84,14955663,13767786496.00
2016/08/05,2142.33,2159.14,2137.31,2148.68,16164434,15610788864.00
2016/08/08,2147.70,2159.95,2137.52,2159.67,16775740,16057771008.00
2016/08/09,2159.31,2176.70,2157.76,2175.35,22824745,21066192896.00
2016/08/10,2175.13,2179.61,2169.13,2170.10,17391019,16953324544.00
2016/08/11,2168.13,2205.88,2168.13,2177.06,26585166,27452383232.00
2016/08/12,2177.80,2222.69,2175.85,2222.49,34430012,33399543808.00
2016/08/15,2227.08,2310.28,2225.62,2287.66,63745308,70155321344.00
2016/08/16,2293.81,2302.33,2253.41,2257.70,61249434,60087459840.00
2016/08/17,2260.93,2270.37,2241.94,2253.74,30848866,32673544192.00
2016/08/18,2253.12,2274.45,2235.05,2244.72,33880448,37432377344.00
2016/08/19,2241.67,2254.49,2230.33,2249.34,28900693,28754462720.00
2016/08/22,2249.08,2253.59,2235.01,2237.13,26193060,24905154560.00
2016/08/23,2235.39,2256.33,2232.44,2241.95,23023903,21968326656.00
2016/08/24,2242.91,2244.88,2227.56,2232.21,18121787,18160277504.00
2016/08/25,2224.51,2226.00,2205.01,2222.15,21819104,21100843008.00
2016/08/26,2223.31,2232.29,2215.63,2219.31,16430965,16358841344.00
2016/08/29,2219.02,2220.13,2205.12,2214.26,19852012,20336543744.00
2016/08/30,2215.84,2229.83,2215.69,2224.06,19846692,20353642496.00
2016/08/31,2222.02,2237.66,2218.65,2232.71,16955552,19008421888.00
2016/09/01,2230.36,2235.65,2219.25,2220.40,19028224,19569004544.00
2016/09/02,2216.29,2231.46,2215.64,2229.89,20406023,20785029120.00
2016/09/05,2230.41,2240.49,2224.93,2228.72,17813452,17615394816.00
2016/09/06,2227.44,2241.52,2217.48,2232.45,21254771,20977301504.00
2016/09/07,2233.03,2246.37,2230.58,2236.55,22097671,22932080640.00
2016/09/08,2234.95,2239.17,2230.82,2236.63,14171157,14213131264.00
2016/09/09,2236.39,2241.61,2228.66,2229.31,17411513,18263953408.00
2016/09/12,2201.68,2202.90,2175.33,2199.98,34546891,34431279104.00
2016/09/13,2197.38,2199.24,2185.82,2193.19,14968924,14480418816.00
2016/09/14,2184.11,2187.95,2172.40,2176.52,18169657,16682778624.00
2016/09/19,2178.76,2191.22,2178.76,2189.46,14135665,12964097024.00
2016/09/20,2190.10,2190.72,2181.02,2184.21,11022894,10917288960.00
2016/09/21,2184.42,2191.81,2180.50,2187.15,12446509,12499273728.00
2016/09/22,2195.25,2210.79,2192.49,2200.70,15398043,15995168768.00
2016/09/23,2202.70,2203.66,2195.08,2196.29,11727636,11066821632.00
2016/09/26,2190.39,2190.39,2166.82,2167.26,16948209,16306550784.00
2016/09/27,2163.38,2176.77,2162.44,2176.45,12592539,12286665728.00
2016/09/28,2177.41,2177.41,2165.33,2166.72,9288432,9340080128.00
2016/09/29,2170.99,2183.17,2170.84,2175.37,11879464,11524241408.00
2016/09/30,2171.94,2182.61,2171.49,2177.35,9219305,9655516160.00
2016/10/10,2187.65,2204.33,2185.47,2202.87,19300202,17570859008.00
2016/10/11,2205.35,2212.43,2202.12,2209.23,21169384,19324766208.00
2016/10/12,2205.44,2205.44,2196.85,2201.00,15478837,13632018432.00
2016/10/13,2201.34,2204.89,2194.60,2202.12,18308790,16208937984.00
2016/10/14,2199.56,2211.09,2196.26,2209.81,23950510,19450261504.00
2016/10/17,2207.35,2209.14,2189.27,2192.88,23161867,20075032576.00
2016/10/18,2189.93,2224.34,2189.93,2222.78,31777117,28619884544.00
2016/10/19,2222.78,2230.83,2217.63,2221.53,29432809,24775790592.00
2016/10/20,2222.63,2228.94,2218.97,2223.42,19772924,16643743744.00
2016/10/21,2221.38,2246.58,2221.04,2240.75,35668577,31144595456.00
2016/10/24,2245.46,2285.08,2243.81,2270.95,49603451,46511890432.00
2016/10/25,2270.02,2274.38,2258.92,2266.17,32423788,29902473216.00
2016/10/26,2263.69,2266.88,2254.63,2257.12,27146057,26576637952.00
2016/10/27,2254.32,2256.21,2243.63,2250.26,23438309,21935646720.00
2016/10/28,2252.38,2271.91,2249.49,2253.80,28233461,29162090496.00
2016/10/31,2247.99,2253.80,2236.20,2250.47,19814955,20503306240.00
2016/11/01,2250.49,2263.62,2246.95,2263.48,22015306,21614635008.00
2016/11/02,2256.12,2259.19,2242.77,2244.74,22260825,21833996288.00
2016/11/03,2241.44,2283.25,2239.87,2273.63,40913027,41436991488.00
2016/11/04,2271.85,2284.95,2266.92,2271.93,36192091,34041513984.00
2016/11/07,2271.96,2279.55,2265.36,2276.95,25966704,24429764608.00
2016/11/08,2284.01,2294.62,2276.74,2282.42,32595874,30889498624.00
2016/11/09,2281.12,2281.59,2244.43,2263.92,37352431,36936622080.00
2016/11/10,2279.94,2297.97,2279.94,2289.45,34565998,34617495552.00
2016/11/11,2285.61,2315.96,2284.29,2308.43,56948601,56536702976.00
2016/11/14,2304.61,2338.58,2303.97,2317.77,61684865,62927634432.00
2016/11/15,2315.80,2319.07,2306.23,2310.90,34486140,34355884032.00
2016/11/16,2312.50,2314.85,2302.14,2309.94,32596386,28705099776.00
2016/11/17,2306.41,2317.54,2297.74,2316.72,35450763,31212488704.00
2016/11/18,2318.90,2323.72,2304.55,2307.27,34475285,32316983296.00
2016/11/21,2304.77,2350.75,2304.77,2334.68,57519637,53971972096.00
2016/11/22,2334.68,2357.57,2334.68,2353.00,65983177,60419170304.00
2016/11/23,2355.32,2375.81,2352.40,2360.34,54062331,48700350464.00
2016/11/24,2356.85,2382.95,2355.80,2368.73,37158089,40256753664.00
2016/11/25,2371.70,2394.71,2358.26,2393.95,44327975,42204999680.00
2016/11/28,2406.70,2427.59,2398.41,2403.14,77554504,77969825792.00
2016/11/29,2398.67,2455.43,2395.81,2441.58,93038586,99547619328.00
2016/11/30,2435.81,2444.95,2411.56,2419.41,68971980,73266479104.00
2016/12/01,2421.93,2448.67,2417.96,2431.31,73606674,73842851840.00
2016/12/02,2427.17,2430.83,2401.06,2416.51,77625017,74393616384.00
2016/12/05,2378.21,2386.43,2363.13,2375.26,72428357,70278619136.00
2016/12/06,2371.11,2382.20,2367.00,2368.68,42595955,40651333632.00
2016/12/07,2367.42,2377.30,2358.87,2376.92,36313646,34446114816.00
2016/12/08,2380.66,2387.17,2374.47,2379.00,39651556,37465800704.00
2016/12/09,2374.30,2422.78,2372.46,2411.31,67860127,61692702720.00
2016/12/12,2408.09,2423.39,2362.14,2387.16,70574194,71536050176.00
2016/12/13,2373.79,2382.44,2357.46,2372.93,41202486,38968410112.00
2016/12/14,2369.50,2384.56,2359.72,2360.38,46800326,45575405568.00
2016/12/15,2346.77,2354.35,2302.43,2309.82,42583252,43441483776.00
2016/12/16,2302.87,2315.54,2298.43,2302.32,30579551,29864306688.00
2016/12/19,2299.71,2303.69,2288.30,2291.38,24162297,23999281152.00
2016/12/20,2293.40,2295.11,2262.88,2279.68,30105533,29079310336.00
2016/12/21,2282.12,2304.60,2282.00,2297.37,40184256,37262712832.00
2016/12/22,2293.35,2298.19,2280.79,2292.04,29222980,27254974464.00
2016/12/23,2290.25,2291.72,2271.13,2278.48,33060817,32451252224.00
2016/12/26,2266.38,2295.69,2251.71,2294.71,29923521,29506328576.00
2016/12/27,2291.23,2300.16,2286.43,2286.96,24597656,24199960576.00
2016/12/28,2286.41,2289.81,2269.16,2277.18,23304574,22778607616.00
2016/12/29,2273.22,2282.19,2265.89,2275.11,23997471,23962417152.00
2016/12/30,2276.81,2286.99,2272.50,2286.90,25480755,25510014976.00
2017/01/03,2285.27,2311.29,2285.27,2307.89,25908920,25440737280.00
2017/01/04,2305.91,2324.56,2304.17,2322.21,26104403,27183257600.00
2017/01/05,2322.42,2326.18,2317.89,2322.68,26528712,26566424576.00
2017/01/06,2323.01,2326.43,2308.37,2308.94,26445124,27286687744.00
2017/01/09,2308.44,2321.69,2307.16,2318.34,26523074,25903507456.00
2017/01/10,2316.16,2321.00,2309.94,2312.60,24055981,23234949120.00
2017/01/11,2311.92,2317.66,2299.31,2300.47,26928346,25072640000.00
2017/01/12,2299.49,2310.78,2294.32,2295.40,22139174,21207408640.00
2017/01/13,2293.47,2315.21,2291.06,2308.06,27540467,26932674560.00
2017/01/16,2303.32,2343.27,2282.24,2337.39,59294735,57422131200.00
2017/01/17,2326.01,2332.84,2320.03,2329.60,19170449,20007430144.00
2017/01/18,2330.14,2349.39,2327.93,2342.78,20298891,21780719616.00
2017/01/19,2335.66,2349.64,2330.34,2334.96,21090735,19780249600.00
2017/01/20,2334.49,2350.26,2333.47,2347.18,17511288,18489266176.00
2017/01/23,2350.55,2358.47,2340.53,2347.10,19311321,20759189504.00
2017/01/24,2347.50,2357.17,2343.46,2352.42,20110777,19232210944.00
2017/01/25,2349.52,2358.95,2345.70,2358.70,17800221,18384465920.00
2017/01/26,2359.43,2371.93,2359.43,2364.02,18629831,19294724096.00
2017/02/03,2367.53,2368.91,2338.20,2339.99,14515951,16092735488.00
2017/02/06,2346.44,2351.56,2336.90,2343.97,19895715,21725104128.00
2017/02/07,2343.66,2347.36,2331.78,2337.53,16972740,18894960640.00
2017/02/08,2334.68,2347.10,2323.91,2346.43,24237691,24896256000.00
2017/02/09,2345.84,2364.14,2343.73,2354.90,31381646,32399331328.00
2017/02/10,2357.59,2374.48,2357.21,2368.18,39306360,40549347328.00
2017/02/13,2369.70,2382.92,2369.49,2379.31,34603826,38907289600.00
2017/02/14,2381.10,2381.63,2367.05,2373.51,24227167,27371194368.00
2017/02/15,2375.62,2385.12,2369.43,2372.19,38949257,37792890880.00
2017/02/16,2373.31,2378.45,2366.16,2376.76,29629497,29617805312.00
2017/02/17,2378.66,2389.32,2361.00,2362.71,31090474,34309238784.00
2017/02/20,2361.76,2395.53,2361.51,2394.12,44690411,43486703616.00
2017/02/21,2396.22,2410.35,2393.37,2396.88,32569800,34544041984.00
2017/02/22,2397.49,2399.40,2389.06,2398.19,24513009,27231838208.00
2017/02/23,2397.56,2402.57,2379.56,2387.42,23458671,25602449408.00
2017/02/24,2385.05,2390.39,2377.10,2389.88,25680121,25353533440.00
2017/02/27,2384.92,2387.82,2365.47,2370.56,23827555,25954639872.00
2017/02/28,2369.47,2379.43,2366.24,2370.71,16793558,18323795968.00
2017/03/01,2371.65,2383.51,2368.62,2371.93,27863124,27623876608.00
2017/03/02,2376.97,2380.24,2354.14,2354.91,23062731,26057596928.00
2017/03/03,2347.91,2350.67,2338.85,2347.15,20483107,21533669376.00
2017/03/06,2346.04,2355.09,2342.52,2349.89,21112399,20808519680.00
2017/03/07,2349.62,2356.96,2347.17,2356.29,20251348,21625724928.00
2017/03/08,2353.62,2362.96,2351.70,2358.07,24369833,23456270336.00
2017/03/09,2352.75,2353.54,2334.34,2346.55,26630667,26051706880.00
2017/03/10,2343.31,2347.46,2336.32,2339.23,17988811,18979436544.00
2017/03/13,2337.36,2355.22,2328.62,2354.89,24624011,26164051968.00
2017/03/14,2353.72,2359.31,2349.28,2354.90,19017006,19760470016.00
2017/03/15,2352.39,2357.85,2345.44,2357.31,21062595,21925253120.00
2017/03/16,2362.36,2376.51,2362.36,2369.19,30278210,32128350208.00
2017/03/17,2371.61,2373.54,2342.02,2346.96,30767623,33130739712.00
2017/03/20,2352.12,2355.53,2337.53,2350.07,27149291,28589608960.00
2017/03/21,2352.21,2358.55,2348.87,2357.14,28887921,36125343744.00
2017/03/22,2347.86,2352.76,2330.12,2338.55,32891982,37345964032.00
2017/03/23,2340.06,2356.27,2334.12,2347.43,26712552,33283041280.00
2017/03/24,2350.69,2373.58,2341.62,2365.60,40120772,45396320256.00
2017/03/27,2364.75,2381.77,2360.67,2364.43,35491156,40382705664.00
2017/03/28,2368.15,2368.38,2353.08,2356.31,24813635,28082153472.00
2017/03/29,2358.00,2363.77,2349.13,2352.69,29018549,31210659840.00
2017/03/30,2350.92,2356.44,2335.23,2346.67,31113066,31991545856.00
2017/03/31,2344.96,2361.32,2340.77,2359.75,29505146,28551403520.00
2017/04/05,2369.49,2384.68,2365.34,2384.26,40075442,43436347392.00
2017/04/06,2384.43,2395.12,2376.15,2390.39,39325003,42616524800.00
2017/04/07,2390.91,2394.05,2379.33,2388.27,36248630,38151221248.00
2017/04/10,2388.56,2391.95,2377.43,2379.16,31258026,34790977536.00
2017/04/11,2374.92,2385.05,2354.02,2382.11,39200826,44230594560.00
2017/04/12,2378.93,2385.61,2362.43,2378.86,33640316,38322593792.00
2017/04/13,2369.61,2373.37,2364.44,2368.11,22793060,26083926016.00
2017/04/14,2367.78,2368.80,2344.61,2355.52,24318969,26912929792.00
2017/04/17,2348.75,2359.18,2334.89,2357.52,26376250,27908077568.00
2017/04/18,2352.51,2352.79,2336.77,2337.35,23753656,28470231040.00
2017/04/19,2331.66,2335.99,2311.66,2325.04,27919435,30382090240.00
2017/04/20,2324.37,2336.54,2321.00,2335.65,26576725,32243771392.00
2017/04/21,2336.44,2350.87,2333.23,2347.67,27073712,29654138880.00
2017/04/24,2344.19,2344.19,2323.67,2341.93,31093007,34439045120.00
2017/04/25,2337.52,2348.60,2334.00,2344.74,19382943,24053129216.00
2017/04/26,2345.63,2360.28,2338.86,2344.50,26470622,32375908352.00
2017/04/27,2337.46,2352.68,2327.47,2351.64,29834076,32332181504.00
2017/04/28,2348.29,2348.29,2331.82,2347.04,20733683,25027444736.00
2017/05/02,2341.75,2350.51,2334.88,2336.79,16218321,19299424256.00
2017/05/03,2335.82,2342.14,2324.19,2329.77,18747685,21306114048.00
2017/05/04,2325.01,2332.09,2317.14,2325.43,20767410,23662229504.00
2017/05/05,2318.92,2320.60,2297.45,2320.60,30951074,33979252736.00
2017/05/08,2309.24,2326.10,2298.32,2326.10,34650123,38506528768.00
2017/05/09,2312.85,2320.29,2307.87,2316.29,16157315,20310245376.00
2017/05/10,2315.56,2337.05,2315.56,2324.92,22318926,29082185728.00
2017/05/11,2318.05,2342.18,2313.83,2339.29,28395441,31483873280.00
2017/05/12,2336.61,2375.64,2335.37,2375.45,28906784,32145338368.00
2017/05/15,2380.27,2394.52,2378.97,2381.75,23412410,28055293952.00
2017/05/16,2376.90,2381.73,2362.11,2381.32,23892047,27292942336.00
2017/05/17,2377.12,2378.99,2361.63,2363.56,20858225,24900859904.00
2017/05/18,2348.87,2361.02,2347.38,2354.75,17121231,21258547200.00
2017/05/19,2351.52,2363.36,2351.52,2361.66,14304568,18966710272.00
2017/05/22,2359.97,2384.16,2358.78,2381.55,22780231,28751136768.00
2017/05/23,2378.74,2412.03,2376.64,2411.80,34620556,41243926528.00
2017/05/24,2402.52,2413.42,2382.19,2407.57,22774332,28642322432.00
2017/05/25,2399.36,2476.91,2399.27,2473.50,50363335,53142704128.00
2017/05/26,2467.90,2483.75,2462.23,2471.21,30989733,36527501312.00
2017/05/31,2470.94,2502.85,2462.26,2479.08,29878344,37045182464.00
2017/06/01,2476.21,2497.69,2465.48,2496.45,30766330,37798051840.00
2017/06/02,2494.37,2499.71,2472.65,2475.46,23664148,28341835776.00
2017/06/05,2468.94,2473.36,2442.27,2450.35,28735857,29094731776.00
2017/06/06,2447.04,2466.31,2444.19,2466.01,17467322,22598701056.00
2017/06/07,2468.55,2492.98,2464.19,2484.03,27138408,34088120320.00
2017/06/08,2481.16,2508.93,2475.74,2507.03,22070860,29227278336.00
2017/06/09,2506.76,2536.99,2504.90,2519.27,33773309,39637188608.00
2017/06/12,2515.58,2545.04,2512.14,2521.17,25720869,33894565888.00
2017/06/13,2517.33,2519.15,2499.73,2515.14,17487921,24470317056.00
2017/06/14,2505.06,2505.20,2471.62,2477.32,21841108,29833244672.00
2017/06/15,2474.26,2481.80,2453.13,2461.97,20702545,28607608832.00
2017/06/16,2454.84,2466.69,2448.31,2452.79,16518044,23251564544.00
2017/06/19,2455.03,2486.31,2453.35,2484.12,20594004,26899359744.00
2017/06/20,2489.20,2492.22,2467.77,2474.43,17771153,24584404992.00
2017/06/21,2487.85,2498.19,2468.51,2497.25,20354217,30603689984.00
2017/06/22,2491.92,2544.67,2491.92,2516.67,43743944,53825785856.00
2017/06/23,2510.71,2530.56,2496.66,2529.10,29403951,37695705088.00
2017/06/26,2531.28,2560.11,2531.28,2543.32,39716748,49718218752.00
2017/06/27,2541.69,2558.10,2529.24,2554.70,26984713,33511464960.00
2017/06/28,2548.16,2560.86,2537.24,2537.64,28194970,35655499776.00
2017/06/29,2541.35,2554.80,2532.46,2552.98,19754376,26914437120.00
2017/06/30,2543.79,2552.92,2533.86,2549.97,18677177,23781990400.00
2017/07/03,2550.50,2550.50,2522.74,2534.37,18304213,25254139904.00
2017/07/04,2531.53,2531.61,2506.68,2511.15,23547128,30659909632.00
2017/07/05,2508.81,2551.41,2507.92,2548.10,20607654,31435616256.00
2017/07/06,2543.91,2561.64,2534.12,2553.88,22234624,33132156928.00
2017/07/07,2542.91,2546.78,2527.55,2543.66,22510062,29785522176.00
2017/07/10,2538.16,2557.47,2530.93,2550.11,25305145,33457188864.00
2017/07/11,2543.72,2592.06,2543.05,2570.59,33968228,41538297856.00
2017/07/12,2570.91,2604.20,2555.38,2565.14,37070595,43416547328.00
2017/07/13,2565.59,2601.47,2563.22,2600.95,42871574,50979651584.00
2017/07/14,2600.76,2623.32,2593.43,2622.98,33653285,39772291072.00
2017/07/17,2627.37,2663.28,2594.42,2631.41,60865949,68239167488.00
2017/07/18,2619.23,2637.53,2596.12,2624.31,39435040,46730936320.00
2017/07/19,2621.11,2661.66,2618.37,2657.89,48688897,60808695808.00
2017/07/20,2653.38,2666.04,2643.64,2665.45,37580733,48880734208.00
2017/07/21,2655.23,2661.48,2635.00,2639.21,29715562,41342808064.00
2017/07/24,2636.55,2666.65,2632.76,2654.38,33056566,41940144128.00
2017/07/25,2656.48,2667.79,2639.61,2643.07,34185413,37771702272.00
2017/07/26,2642.26,2665.15,2617.55,2636.20,35447256,41955307520.00
2017/07/27,2632.00,2638.94,2610.58,2636.63,30670126,38024536064.00
2017/07/28,2627.16,2642.69,2619.04,2636.39,21934465,28588922880.00
2017/07/31,2633.88,2649.29,2626.18,2638.12,28647763,37904969728.00
2017/08/01,2640.87,2681.93,2638.02,2681.81,33820507,47788867584.00
2017/08/02,2679.34,2696.64,2675.20,2680.63,42222377,53708275712.00
2017/08/03,2676.35,2689.94,2644.99,2646.22,31815168,40554217472.00
2017/08/04,2644.45,2653.81,2627.25,2627.80,27959952,38299815936.00
2017/08/07,2621.55,2641.34,2613.82,2634.18,26086109,34629738496.00
2017/08/08,2632.04,2639.24,2622.26,2635.18,25782468,33964140544.00
2017/08/09,2630.67,2634.43,2618.81,2620.38,24707911,33204150272.00
2017/08/10,2617.99,2635.35,2590.86,2611.34,28171479,39580893184.00
2017/08/11,2592.04,2599.71,2566.57,2570.26,35170960,44276236288.00
2017/08/14,2572.30,2598.38,2567.60,2591.45,26118900,36279971840.00
2017/08/15,2593.07,2623.08,2592.92,2605.24,27900976,33091743744.00
2017/08/16,2601.47,2602.10,2586.34,2595.00,20351811,25167149056.00
2017/08/17,2599.04,2606.68,2591.54,2604.08,20571105,27778492416.00
2017/08/18,2601.88,2621.97,2595.86,2613.26,19897828,31122548736.00
2017/08/21,2619.04,2628.80,2610.26,2616.82,19436872,27074873344.00
2017/08/22,2624.41,2644.20,2620.16,2643.50,27118182,37445332992.00
2017/08/23,2641.79,2673.39,2639.66,2659.78,34691794,41179123712.00
2017/08/24,2659.65,2675.20,2641.83,2646.40,29939211,33887055872.00
2017/08/25,2645.45,2706.70,2645.45,2706.24,47493751,53051879424.00
2017/08/28,2715.47,2766.79,2715.47,2736.46,60501098,77248847872.00
2017/08/29,2734.45,2746.10,2726.22,2739.13,35262284,46759796736.00
2017/08/30,2740.00,2762.07,2720.66,2728.23,42052803,53736566784.00
2017/08/31,2729.47,2735.43,2701.89,2714.63,40182234,46855536640.00
2017/09/01,2716.05,2734.77,2700.16,2710.12,43093296,52472881152.00
2017/09/04,2703.33,2713.73,2691.78,2711.35,33196289,43569184768.00
2017/09/05,2712.76,2738.59,2711.17,2729.85,30534788,39043620864.00
2017/09/06,2721.95,2725.24,2703.65,2714.33,31137933,40907423744.00
2017/09/07,2716.13,2717.56,2690.88,2691.83,27636111,37181800448.00
2017/09/08,2692.80,2701.57,2681.44,2686.69,24471292,32599541760.00
2017/09/11,2691.34,2708.42,2673.62,2674.75,29084101,40085266432.00
2017/09/12,2682.25,2695.52,2672.28,2692.54,30788323,44847894528.00
2017/09/13,2690.56,2694.41,2676.25,2687.67,21197720,28986306560.00
2017/09/14,2688.40,2694.77,2666.82,2672.84,28586737,36529831936.00
2017/09/15,2669.65,2677.53,2659.73,2668.38,34648980,43243331584.00
2017/09/18,2670.20,2694.06,2670.20,2674.18,33134639,44470272000.00
2017/09/19,2680.72,2687.18,2661.61,2670.69,30087359,37488873472.00
2017/09/20,2667.24,2675.21,2661.87,2662.63,25367940,32883593216.00
2017/09/21,2664.05,2690.36,2660.53,2675.55,31753452,39541813248.00
2017/09/22,2666.67,2686.41,2662.84,2679.05,26359750,33471981568.00
2017/09/25,2672.95,2682.75,2667.31,2680.65,31981420,39930429440.00
2017/09/26,2673.54,2681.23,2673.40,2678.99,19283177,24098924544.00
2017/09/27,2674.41,2677.74,2659.60,2661.55,20058637,25198602240.00
2017/09/28,2661.54,2663.70,2653.46,2661.28,21661881,26189371392.00
2017/09/29,2661.52,2682.17,2660.86,2672.33,20204668,27595163648.00
2017/10/09,2736.83,2743.36,2688.54,2692.08,41489292,48635654144.00
2017/10/10,2693.25,2711.31,2671.94,2695.54,29974727,43282247680.00
2017/10/11,2694.50,2717.33,2692.77,2707.52,24598483,33211930624.00
2017/10/12,2706.42,2724.83,2702.31,2718.35,23922877,31885586432.00
2017/10/13,2716.00,2722.23,2711.95,2713.38,19273409,26260592640.00
2017/10/16,2719.31,2741.10,2715.05,2726.64,25575898,35091357696.00
2017/10/17,2725.20,2734.31,2716.40,2723.53,17979809,24598831104.00
2017/10/18,2725.67,2753.92,2723.76,2753.01,28260821,35436441600.00
2017/10/19,2750.64,2756.04,2743.13,2756.04,28617869,37232947200.00
2017/10/20,2744.49,2746.23,2733.72,2737.64,16098421,21717579776.00
2017/10/23,2744.32,2747.00,2732.63,2734.37,19546035,24707305472.00
2017/10/24,2732.94,2762.59,2730.84,2753.65,24870827,33123069952.00
2017/10/25,2753.93,2756.76,2746.27,2752.14,19646722,23785824256.00
2017/10/26,2760.06,2788.66,2753.73,2771.04,41473188,54784606208.00
2017/10/27,2770.53,2815.42,2769.43,2814.27,40301956,51199078400.00
2017/10/30,2812.24,2822.59,2780.05,2809.11,48004879,62621421568.00
2017/10/31,2795.54,2797.79,2785.16,2793.71,32370371,40543780864.00
2017/11/01,2795.19,2816.30,2782.06,2789.40,46204132,57994096640.00
2017/11/02,2788.11,2796.43,2771.15,2794.10,37526868,45419208704.00
2017/11/03,2789.54,2803.31,2770.12,2800.47,38906160,46914637824.00
2017/11/06,2798.47,2798.47,2776.95,2792.22,33268910,43470106624.00
2017/11/07,2794.19,2832.14,2792.70,2821.96,49368280,62260600832.00
2017/11/08,2818.67,2846.30,2811.11,2819.96,44768530,58278445056.00
2017/11/09,2814.57,2834.51,2809.96,2832.96,32704232,41950629888.00
2017/11/10,2828.12,2867.06,2827.74,2862.34,44198338,61842415616.00
2017/11/13,2865.78,2885.70,2865.72,2873.51,48459049,57913425920.00
2017/11/14,2876.75,2882.79,2853.78,2861.42,36037160,50380320768.00
2017/11/15,2848.77,2864.37,2839.46,2850.05,32974209,46704463872.00
2017/11/16,2840.36,2880.98,2840.36,2879.40,32051824,49388290048.00
2017/11/17,2868.52,2940.77,2867.59,2938.80,68472023,94406688768.00
2017/11/20,2916.74,2942.14,2897.20,2941.15,43840765,63399460864.00
2017/11/21,2928.92,3012.89,2927.61,2987.17,63648682,91543183360.00
2017/11/22,3001.95,3038.28,2989.82,3012.36,74555729,99081502720.00
2017/11/23,3003.78,3018.26,2919.65,2940.73,66990986,89773744128.00
2017/11/24,2934.45,2949.79,2907.10,2936.83,45426296,65421398016.00
2017/11/27,2928.36,2928.86,2885.60,2917.31,50187197,67344523264.00
2017/11/28,2900.08,2908.36,2872.53,2897.11,30693710,42668015616.00
2017/11/29,2905.33,2914.07,2855.85,2893.28,36005237,50246701056.00
2017/11/30,2878.53,2895.53,2850.31,2863.45,35802178,51612041216.00
2017/12/01,2861.90,2867.11,2834.26,2842.18,30789844,45681946624.00
2017/12/04,2829.81,2868.29,2823.94,2861.36,26911901,42169176064.00
2017/12/05,2852.82,2922.33,2851.32,2910.48,59599972,78760353792.00
2017/12/06,2897.23,2897.23,2845.13,2875.73,31693883,46136991744.00
2017/12/07,2868.20,2875.74,2828.23,2848.89,27940527,39788412928.00
2017/12/08,2843.20,2872.82,2832.80,2865.34,25364927,37958647808.00
2017/12/11,2862.61,2900.17,2857.98,2899.10,28687751,44155351040.00
2017/12/12,2897.66,2900.27,2849.39,2850.20,26086531,36558524416.00
2017/12/13,2850.47,2879.41,2834.93,2872.94,22381649,33848004608.00
2017/12/14,2874.95,2878.32,2841.92,2850.05,22766719,32316889088.00
2017/12/15,2844.10,2846.52,2817.32,2820.17,26667418,35570708480.00
2017/12/18,2821.42,2842.81,2815.82,2829.06,20702573,29731950592.00
2017/12/19,2829.55,2873.60,2827.44,2873.03,23789168,38584553472.00
2017/12/20,2874.05,2887.23,2861.54,2879.64,28458123,41956966400.00
2017/12/21,2871.68,2906.81,2862.23,2895.37,25781561,38962106368.00
2017/12/22,2891.72,2897.03,2876.02,2880.77,18956880,27835326464.00
2017/12/25,2882.28,2915.61,2868.86,2880.10,26314099,39860539392.00
2017/12/26,2878.75,2897.62,2868.60,2894.34,27001023,37479219200.00
2017/12/27,2886.70,2889.31,2832.02,2839.63,32138676,45980786688.00
2017/12/28,2842.73,2870.89,2829.54,2859.05,34351482,51738562560.00
2017/12/29,2861.92,2876.19,2849.68,2860.44,28631400,40451477504.00
2018/01/02,2867.53,2912.27,2867.53,2908.73,54008668,63411515392.00
2018/01/03,2914.28,2947.63,2906.60,2913.26,48206865,69339660288.00
2018/01/04,2918.26,2934.15,2910.66,2919.48,43520711,59071713280.00
2018/01/05,2926.78,2940.18,2920.08,2932.36,49943348,62492266496.00
2018/01/08,2933.82,2952.34,2926.87,2947.76,58052793,82070568960.00
2018/01/09,2947.55,2972.43,2947.12,2969.32,40589034,60495806464.00
2018/01/10,2968.34,2999.75,2966.18,2995.56,57763850,72207515648.00
2018/01/11,2986.79,3009.99,2981.33,2997.05,42351821,56280150016.00
2018/01/12,2997.90,3019.70,2993.56,3018.60,38168296,55328489472.00
2018/01/15,3027.20,3070.94,3022.47,3048.81,64988821,89764585472.00
2018/01/16,3041.36,3065.19,3035.77,3063.86,64262468,87195148288.00
2018/01/17,3071.50,3132.99,3060.22,3076.18,91066330,119155712000.00
2018/01/18,3096.20,3125.86,3084.28,3106.55,87706926,111974244352.00
2018/01/19,3122.67,3145.99,3100.41,3117.82,94955302,117995225088.00
2018/01/22,3104.96,3144.85,3104.40,3130.33,77465852,96853999616.00
2018/01/23,3145.11,3177.76,3144.28,3176.50,101691899,120507375616.00
2018/01/24,3189.77,3202.47,3150.55,3180.33,99130667,125182320640.00
2018/01/25,3171.35,3177.41,3124.46,3157.46,77363976,97574387712.00
2018/01/26,3147.48,3195.07,3147.48,3172.78,82164637,94465286144.00
2018/01/29,3184.30,3197.84,3107.96,3120.70,72920214,96641916928.00
2018/01/30,3109.19,3127.75,3077.31,3079.12,54275944,69473845248.00
2018/01/31,3063.23,3118.76,3062.53,3116.83,55607397,72990261248.00
2018/02/01,3120.13,3141.77,3101.34,3141.23,72193287,92604915712.00
2018/02/02,3113.30,3150.70,3082.99,3149.64,52901436,72098054144.00
2018/02/05,3098.67,3181.59,3095.99,3181.34,71607348,91528593408.00
2018/02/06,3114.35,3140.03,3094.49,3117.49,98646622,127406399488.00
2018/02/07,3147.32,3166.70,3020.39,3029.60,94700492,119171432448.00
2018/02/08,2998.60,3019.27,2911.40,2945.84,73117846,89454608384.00
2018/02/09,2857.43,2871.54,2724.59,2810.03,91925899,111222595584.00
2018/02/12,2803.86,2823.81,2776.96,2805.21,46290004,56121421824.00
2018/02/13,2834.39,2887.89,2834.39,2852.72,46622211,56890392576.00
2018/02/14,2859.87,2877.04,2841.24,2871.79,25349814,31690057728.00
2018/02/22,2915.97,2936.85,2900.87,2931.88,39297753,49214808064.00
2018/02/23,2941.42,2966.75,2926.36,2957.17,38207489,45850902528.00
2018/02/26,2973.81,2986.81,2933.52,2973.79,50214027,58593509376.00
2018/02/27,2979.77,2979.77,2918.01,2927.10,46201435,54502424576.00
2018/02/28,2899.00,2905.57,2866.46,2878.67,38758134,47725006848.00
2018/03/01,2859.09,2907.27,2852.49,2891.30,32284888,40076066816.00
2018/03/02,2864.18,2887.89,2852.01,2864.18,29864517,36583776256.00
2018/03/05,2865.20,2889.74,2846.93,2863.99,29967149,36066406400.00
2018/03/06,2878.92,2893.46,2838.61,2892.48,47593576,53720113152.00
2018/03/07,2892.44,2921.44,2868.04,2878.15,37917658,45394075648.00
2018/03/08,2878.82,2903.05,2865.55,2898.25,28963037,37537677312.00
2018/03/09,2907.04,2916.55,2891.87,2908.20,31504490,39303802880.00
2018/03/12,2922.62,2927.51,2897.24,2909.58,44985076,54236061696.00
2018/03/13,2909.25,2921.31,2878.20,2883.38,40607603,44383330304.00
2018/03/14,2871.72,2879.54,2860.97,2871.33,30886301,36928753664.00
2018/03/15,2860.41,2895.61,2860.41,2894.98,26260075,35212947456.00
2018/03/16,2895.51,2911.19,2869.97,2870.73,27192101,36436840448.00
2018/03/19,2870.37,2898.23,2856.17,2897.26,26042930,37418713088.00
2018/03/20,2878.95,2907.52,2877.10,2904.40,27129403,33929945088.00
2018/03/21,2929.00,2932.22,2879.53,2894.18,33388762,47299461120.00
2018/03/22,2894.13,2902.77,2851.29,2866.67,30505808,42875777024.00
2018/03/23,2786.53,2800.25,2754.66,2791.47,62623251,74872356864.00
2018/04/17,2669.27,2683.50,2633.59,2635.70,27139751,34686808064.00
2018/04/18,2666.62,2668.79,2623.97,2653.77,31549903,40117473280.00
2018/04/19,2661.30,2693.14,2656.15,2682.55,26025677,34609094656.00
2018/04/20,2672.36,2677.92,2632.75,2647.38,28139647,34288996352.00
2018/04/23,2637.07,2671.01,2636.68,2664.92,25321251,29520125952.00
2018/04/24,2669.61,2737.21,2669.61,2722.85,39445289,47857184768.00
2018/04/25,2707.71,2717.31,2696.22,2702.98,23501293,27772719104.00
2018/04/26,2712.52,2717.57,2652.42,2666.02,23533135,30650849280.00
2018/04/27,2672.64,2675.10,2613.53,2653.54,28375248,50547113984.00
2018/05/02,2662.08,2667.96,2637.06,2652.73,26659402,36833148928.00
2018/05/03,2643.97,2671.25,2626.54,2663.98,26222350,34759397376.00
2018/05/04,2659.27,2669.70,2643.26,2646.35,20761663,27084460032.00
2018/05/07,2649.10,2686.22,2638.17,2683.85,26608010,39387561984.00
2018/05/08,2683.84,2736.76,2682.79,2722.88,31644364,45366812672.00
2018/05/09,2723.09,2725.20,2706.48,2717.24,20264916,26836482048.00
2018/05/10,2727.52,2738.63,2712.47,2729.40,19609175,26915823616.00
2018/05/11,2737.23,2738.65,2720.55,2724.72,23488885,28916752384.00
2018/05/14,2736.98,2761.50,2736.04,2753.54,27061501,36510023680.00
2018/05/15,2760.20,2760.57,2731.57,2750.83,22526422,29285881856.00
2018/05/16,2739.89,2744.62,2714.26,2716.78,21808679,29565943808.00
2018/05/17,2720.77,2724.39,2698.17,2700.88,16746907,22819123200.00
2018/05/18,2697.72,2741.01,2690.99,2740.53,22927267,28871526400.00
2018/05/21,2753.88,2761.72,2739.68,2745.80,27766582,34138507264.00
2018/05/22,2744.32,2744.32,2711.06,2728.00,23340295,27343650816.00
2018/05/23,2721.02,2721.02,2683.59,2683.69,25426594,31024068608.00
2018/05/24,2684.13,2691.03,2664.12,2665.68,19732689,23694518272.00
2018/05/25,2663.32,2679.85,2650.34,2661.29,19942205,22816577536.00
2018/05/28,2661.21,2682.78,2650.40,2673.20,18533039,25502552064.00
2018/05/29,2666.83,2676.68,2642.87,2663.40,26895624,34869489664.00
2018/05/30,2632.71,2637.19,2604.91,2605.90,24208986,31639052288.00
2018/05/31,2626.94,2661.66,2624.67,2658.29,26506810,40160428032.00
2018/06/01,2652.25,2664.31,2637.37,2647.19,20387624,27262324736.00
2018/06/04,2664.85,2697.75,2658.57,2694.58,22546288,34965209088.00
2018/06/05,2697.69,2712.12,2680.24,2707.02,22214405,39274704896.00
2018/06/06,2702.71,2703.41,2688.33,2692.18,20523118,32474828800.00
2018/06/07,2697.51,2717.06,2693.10,2695.24,23511030,37061173248.00
2018/06/08,2686.09,2686.15,2637.36,2652.08,26031212,34396135424.00
2018/06/11,2644.43,2665.93,2633.08,2660.41,19775018,34247913472.00
2018/06/12,2662.39,2691.97,2650.97,2687.70,19643008,37585973248.00
2018/06/13,2681.31,2686.07,2662.75,2671.63,19387165,31276410880.00
2018/06/14,2662.23,2691.05,2659.57,2671.30,21356957,36200038400.00
2018/06/15,2657.59,2677.31,2657.51,2667.98,25618389,36641714176.00
2018/06/19,2638.40,2646.64,2571.69,2599.78,57574355,78041473024.00
2018/06/20,2588.12,2607.47,2567.50,2598.33,23830855,37407473664.00
2018/06/21,2597.30,2628.04,2575.17,2579.05,24632386,37656268800.00
2018/06/22,2564.87,2586.33,2553.30,2583.71,19658834,27587280896.00
2018/06/25,2593.62,2595.99,2535.12,2536.46,23443084,34770055168.00
2018/06/26,2516.08,2519.16,2470.15,2506.72,26450100,36753948672.00
2018/06/27,2500.07,2512.59,2438.04,2452.64,27426919,38191022080.00
2018/06/28,2431.86,2461.17,2418.30,2425.18,22856049,33377732608.00
2018/06/29,2431.81,2481.32,2429.59,2479.91,20762653,28882933760.00
2018/07/02,2473.31,2473.73,2370.40,2386.38,26108151,34815664128.00
2018/07/03,2389.36,2395.08,2331.84,2388.98,29074680,41734889472.00
2018/07/04,2381.25,2403.51,2365.89,2368.43,19664477,25915678720.00
2018/07/05,2370.86,2398.56,2352.97,2374.36,25268639,31987648512.00
2018/07/06,2378.87,2422.40,2349.48,2402.62,24922030,34949296128.00
2018/07/09,2410.52,2471.80,2410.52,2471.29,24333366,32262518784.00
2018/07/10,2475.98,2477.84,2448.86,2471.23,21373460,27528531968.00
2018/07/11,2420.18,2443.35,2409.31,2432.28,20851901,25413234688.00
2018/07/12,2425.67,2490.44,2425.67,2474.62,27324093,35199533056.00
2018/07/13,2480.82,2481.56,2464.95,2476.86,19832100,27255894016.00
2018/07/16,2471.15,2484.17,2438.86,2448.76,19872462,26038757376.00
2018/07/17,2443.55,2446.10,2414.35,2430.44,16666433,23394744320.00
2018/07/18,2437.38,2458.48,2419.32,2420.76,17807465,25693423616.00
2018/07/19,2432.89,2452.45,2418.66,2426.16,20446054,27782080512.00
2018/07/20,2426.10,2506.94,2409.05,2493.76,34453471,43533099008.00
2018/07/23,2482.05,2533.77,2478.19,2526.81,39625663,48771096576.00
2018/07/24,2534.07,2579.59,2534.07,2563.58,48833416,59894611968.00
2018/07/25,2573.93,2573.96,2550.97,2563.69,26507281,32665790464.00
2018/07/26,2570.48,2578.72,2525.67,2530.99,25328431,31611475968.00
2018/07/27,2529.66,2541.23,2515.89,2525.09,18966728,24518467584.00
2018/07/30,2525.38,2562.76,2515.55,2541.31,24506255,31092979712.00
2018/07/31,2537.03,2553.81,2521.82,2545.12,20241929,24039710720.00
2018/08/01,2557.61,2570.31,2489.13,2490.25,27372269,34530062336.00
2018/08/02,2483.76,2485.41,2412.96,2440.31,29601109,38564614144.00
2018/08/03,2438.84,2452.07,2413.25,2413.50,21546213,27748476928.00
2018/08/06,2417.30,2448.98,2393.68,2406.54,25723041,32153358336.00
2018/08/07,2416.01,2480.10,2407.64,2479.78,29752110,36302270464.00
2018/08/08,2476.40,2481.84,2443.07,2447.00,23590929,29660522496.00
2018/08/09,2437.45,2510.36,2435.79,2504.62,26576959,34656641024.00
2018/08/10,2505.31,2518.11,2485.98,2503.21,19421209,24186556416.00
2018/08/13,2480.10,2485.23,2442.23,2478.51,22941849,26665351168.00
2018/08/14,2475.47,2482.71,2454.98,2469.20,17071931,20045977600.00
2018/08/15,2467.25,2467.45,2405.60,2408.72,19756173,25686441984.00
2018/08/16,2381.01,2430.92,2367.05,2405.16,25498718,29471698944.00
2018/08/17,2427.47,2429.68,2370.04,2374.17,20629848,27133585408.00
2018/08/20,2386.14,2409.13,2370.82,2409.13,23001283,29137721344.00
2018/08/21,2411.98,2461.14,2410.89,2452.38,24358955,32859740160.00
2018/08/22,2461.40,2461.40,2438.94,2450.15,16052916,23341039616.00
2018/08/23,2453.66,2474.69,2435.16,2461.07,18856430,26228813824.00
2018/08/24,2449.37,2496.39,2438.72,2472.00,20760608,25033439232.00
2018/08/27,2484.41,2522.34,2482.52,2522.34,28385082,36374962176.00
2018/08/28,2524.92,2530.50,2503.81,2511.15,21401627,27357476864.00
2018/08/29,2506.15,2515.00,2497.82,2503.48,18183977,22304401408.00
2018/08/30,2506.53,2519.40,2479.21,2479.21,18233552,24060028928.00
2018/08/31,2462.80,2490.46,2455.99,2474.48,26221781,34676330496.00
2018/09/03,2461.86,2470.51,2445.87,2465.88,18306655,23175178240.00
2018/09/04,2467.25,2507.04,2451.72,2500.44,20593805,26778972160.00
2018/09/05,2488.90,2493.47,2441.23,2441.23,21316444,25994315776.00
2018/09/06,2432.40,2449.83,2408.93,2416.03,20873911,26783391744.00
2018/09/07,2424.42,2458.26,2416.16,2437.68,18360830,24990642176.00
2018/09/10,2431.18,2440.11,2410.79,2413.43,18041257,22252754944.00
2018/09/11,2412.18,2422.94,2387.64,2398.77,18111101,23434141696.00
2018/09/12,2389.28,2398.73,2373.04,2381.39,16845245,22303172608.00
2018/09/13,2413.41,2420.00,2381.03,2415.31,21471991,28306393088.00
2018/09/14,2421.66,2434.67,2410.66,2425.42,16391883,22697488384.00
2018/09/17,2411.38,2418.14,2397.94,2399.88,13684293,18413971456.00
2018/09/18,2391.95,2459.77,2391.73,2458.77,22891942,29860440064.00
2018/09/19,2455.44,2505.00,2452.58,2487.08,28973848,38581194752.00
2018/09/20,2492.40,2503.10,2480.54,2487.42,22948441,27327582208.00
2018/09/21,2495.74,2573.60,2485.41,2573.60,41753278,46760013824.00
2018/09/25,2545.21,2560.72,2536.43,2547.79,24321290,29275324416.00
2018/09/26,2555.92,2610.59,2553.17,2582.77,33704338,45864300544.00
2018/09/27,2582.12,2584.07,2561.58,2575.45,22953309,29831870464.00
2018/09/28,2580.66,2618.83,2577.98,2606.67,28780345,37086068736.00
2018/10/08,2544.49,2548.89,2481.18,2486.82,33707752,45896478720.00
2018/10/09,2481.59,2506.27,2476.35,2491.66,21668620,27821740032.00
2018/10/10,2495.86,2518.61,2472.19,2494.06,20421095,29055985664.00
2018/10/11,2412.22,2446.37,2369.03,2390.50,36931486,47144415232.00
2018/10/12,2398.18,2452.69,2390.99,2444.13,29000533,37470240768.00
2018/10/15,2443.73,2448.26,2407.55,2412.48,20543216,26673332224.00
2018/10/16,2414.32,2459.88,2407.00,2415.49,19832199,26111832064.00
2018/10/17,2446.48,2451.19,2384.14,2429.21,24854130,31533041664.00
2018/10/18,2416.37,2416.37,2367.71,2369.07,22765046,29580378112.00
2018/10/19,2353.84,2451.76,2344.98,2446.32,31382548,42185838592.00
2018/10/22,2463.49,2566.63,2463.49,2540.15,46328068,64393838592.00
2018/10/23,2539.65,2544.30,2451.67,2464.81,35418623,55621787648.00
2018/10/24,2459.32,2530.77,2459.21,2477.49,37027581,48850259968.00
2018/10/25,2419.11,2486.76,2415.49,2485.10,31130039,43012014080.00
2018/10/26,2487.00,2499.76,2445.83,2468.91,28793335,37746237440.00
2018/10/29,2461.92,2465.37,2377.99,2389.58,28728277,40215887872.00
2018/10/30,2380.47,2449.29,2378.82,2415.65,32464786,52081901568.00
2018/10/31,2424.16,2460.84,2413.34,2451.12,34500763,44512206848.00
2018/11/01,2474.27,2500.12,2455.73,2460.16,37694390,50794893312.00
2018/11/02,2522.39,2544.19,2489.07,2542.77,47328804,62090715136.00
2018/11/05,2520.88,2524.65,2489.59,2511.59,28262359,37305733120.00
2018/11/06,2507.36,2509.64,2478.38,2499.68,22102400,27830069248.00
2018/11/07,2503.68,2521.15,2479.25,2482.33,26158564,30891233280.00
2018/11/08,2507.59,2511.00,2480.33,2486.00,20311246,26155585536.00
2018/11/09,2469.89,2469.89,2434.08,2434.21,28036742,30360305664.00
2018/11/12,2426.83,2447.46,2419.97,2444.97,22907299,29682528256.00
2018/11/13,2415.30,2474.82,2413.78,2462.97,27681898,34914185216.00
2018/11/14,2462.18,2462.18,2425.97,2429.99,27016565,31710019584.00
2018/11/15,2430.19,2459.43,2427.07,2459.14,24745017,30254544896.00
2018/11/16,2458.48,2482.44,2443.12,2461.44,31500583,39145115648.00
2018/11/19,2466.43,2492.08,2461.80,2492.08,29720153,38040915968.00
2018/11/20,2475.23,2484.01,2441.85,2446.79,26945322,32913381376.00
2018/11/21,2425.72,2454.46,2425.23,2451.27,21904534,26826856448.00
2018/11/22,2455.77,2456.91,2426.12,2437.64,16424828,21069166592.00
2018/11/23,2433.53,2441.32,2398.73,2399.20,21219889,24231458816.00
2018/11/26,2409.47,2423.46,2393.98,2401.90,16215339,18832300032.00
2018/11/27,2407.23,2416.44,2387.93,2394.29,14968936,17940813824.00
2018/11/28,2396.30,2426.66,2394.25,2421.13,17059686,21351172096.00
2018/11/29,2437.92,2441.42,2401.85,2401.85,19845353,25290387456.00
2018/11/30,2403.23,2430.65,2402.54,2428.04,19322534,23150338048.00
2018/12/03,2492.43,2500.57,2467.94,2488.06,35369612,48628580352.00
2018/12/04,2488.58,2496.81,2476.91,2496.14,23849605,30722359296.00
2018/12/05,2467.56,2492.32,2465.25,2481.79,20483609,27883112448.00
2018/12/06,2453.56,2460.23,2431.86,2434.49,21671205,29561051136.00
2018/12/07,2441.38,2444.98,2427.89,2430.72,14534653,20820781056.00
2018/12/10,2410.17,2425.74,2399.32,2408.61,17586515,23162583040.00
2018/12/11,2408.92,2420.52,2405.87,2415.58,12885505,17056710656.00
2018/12/12,2437.61,2437.61,2414.33,2423.32,14230846,18683316224.00
2018/12/13,2429.39,2469.70,2423.57,2457.90,28085510,36815470592.00
2018/12/14,2446.81,2448.80,2423.09,2423.38,25855357,30934773760.00
2018/12/17,2420.58,2430.89,2409.01,2425.94,21170997,27336830976.00
2018/12/18,2409.58,2427.68,2388.98,2397.87,20681269,25490008064.00
2018/12/19,2401.91,2403.90,2366.40,2369.55,18664633,25313964032.00
2018/12/20,2363.00,2372.37,2319.10,2334.92,26893461,32198354944.00
2018/12/21,2325.98,2327.44,2288.40,2306.15,24752807,31278956544.00
2018/12/24,2293.75,2311.73,2286.99,2309.23,18318296,21344497664.00
2018/12/25,2285.66,2308.61,2256.47,2297.33,24003262,27287609344.00
2018/12/26,2293.29,2303.20,2278.29,2281.56,15787164,18688493568.00
2018/12/27,2310.81,2313.05,2275.04,2276.06,26756215,29948336128.00
2018/12/28,2279.70,2305.91,2278.25,2293.10,24277348,30980579328.00
2019/01/02,2298.18,2301.06,2252.75,2262.79,20880697,28119934976.00
2019/01/03,2259.48,2287.78,2253.94,2269.24,18895240,24534925312.00
2019/01/04,2252.74,2316.35,2249.37,2314.65,25900596,34317942784.00
2019/01/07,2329.03,2331.60,2306.90,2314.32,25278948,31955994624.00
2019/01/08,2312.17,2312.17,2298.95,2305.17,18131160,22329122816.00
2019/01/09,2320.91,2360.36,2318.44,2332.72,28747596,37485404160.00
2019/01/10,2333.22,2345.33,2321.31,2331.85,22280507,28880603136.00
2019/01/11,2342.02,2360.06,2334.91,2354.50,18417693,24514111488.00
2019/01/14,2350.26,2354.31,2330.00,2331.14,16462252,20643864576.00
2019/01/15,2337.70,2380.60,2332.41,2378.37,22466336,32220715008.00
2019/01/16,2375.17,2385.22,2366.34,2381.22,18097039,25235752960.00
2019/01/17,2388.59,2396.80,2370.58,2371.35,21555000,26964928512.00
2019/01/18,2385.62,2422.03,2380.56,2417.36,30088200,37495328768.00
2019/01/21,2418.00,2443.23,2418.00,2432.49,26237236,33912528896.00
2019/01/22,2430.43,2430.43,2394.18,2401.23,19373137,25702750208.00
2019/01/23,2397.41,2414.02,2392.64,2397.05,16290135,20185057280.00
2019/01/24,2401.38,2414.89,2385.10,2411.56,20415697,27328503808.00
2019/01/25,2419.26,2453.67,2418.01,2441.64,25683679,32544229376.00
2019/01/28,2455.28,2473.12,2429.88,2437.03,23468163,32696608768.00
2019/01/29,2433.31,2461.52,2423.46,2455.90,21863480,27141683200.00
2019/01/30,2445.86,2462.61,2439.33,2440.01,17835170,22414217216.00
2019/01/31,2454.64,2487.10,2450.18,2483.47,26681298,34141607936.00
2019/02/01,2502.10,2503.55,2479.34,2499.64,21950054,29364023296.00
2019/02/11,2485.50,2528.38,2484.65,2527.47,25211570,34715189248.00
2019/02/12,2528.10,2537.29,2515.03,2533.18,25458804,33771726848.00
2019/02/13,2538.42,2587.88,2528.23,2580.61,39821832,48008835072.00
2019/02/14,2572.64,2585.51,2564.87,2576.31,27718515,35168460800.00
2019/02/15,2566.34,2568.79,2515.89,2517.46,30315796,39093903360.00
2019/02/18,2540.53,2583.40,2540.30,2582.85,37400592,47875956736.00
2019/02/19,2586.86,2614.36,2568.18,2579.05,37907379,49607503872.00
2019/02/20,2593.79,2599.55,2569.98,2588.17,29965181,38166831104.00
2019/02/21,2586.74,2615.47,2569.48,2577.23,35252855,44405018624.00
2019/02/22,2576.00,2623.09,2555.73,2623.07,41384151,53491957760.00
2019/02/25,2652.91,2788.67,2652.91,2787.70,96939051,125003276288.00
2019/02/26,2781.31,2804.16,2729.48,2733.90,87230161,114283257856.00
2019/02/27,2739.11,2794.93,2722.31,2750.34,75508865,91098636288.00
2019/02/28,2749.87,2767.86,2733.03,2743.97,46340959,62186340352.00
2019/03/01,2764.95,2819.47,2747.21,2819.47,56100147,76333694976.00
2019/03/04,2839.40,2907.82,2816.98,2832.59,92180167,118854254592.00
2019/03/05,2829.50,2835.11,2807.12,2828.87,60349235,75288723456.00
2019/03/06,2827.86,2847.38,2797.50,2840.27,69492224,91060936704.00
2019/03/07,2831.36,2831.36,2773.35,2789.70,73263959,102232457216.00
2019/03/08,2731.53,2753.55,2684.20,2685.59,72033928,96388374528.00
2019/03/11,2683.76,2714.09,2670.79,2708.60,52014052,70198689792.00
2019/03/12,2730.53,2759.61,2704.69,2719.77,64867544,85051842560.00
2019/03/13,2731.50,2747.96,2699.98,2723.96,54064571,74117603328.00
2019/03/14,2720.19,2752.66,2716.27,2729.13,43471813,62567911424.00
2019/03/15,2736.00,2783.51,2735.86,2755.81,44123096,67258458112.00
2019/03/18,2763.23,2827.26,2749.20,2825.18,61605235,87655202816.00
2019/03/19,2830.24,2842.45,2797.72,2806.90,43459056,62362681344.00
2019/03/20,2799.33,2831.63,2787.28,2812.92,40322247,58429046784.00
2019/03/21,2816.45,2822.63,2799.83,2802.96,43631385,63731400704.00
2019/03/22,2804.72,2813.52,2771.96,2795.39,35988070,50509049856.00
2019/03/25,2757.81,2765.84,2717.29,2718.18,52140915,66207961088.00
2019/03/26,2737.37,2739.29,2693.91,2706.15,40073955,52612739072.00
2019/03/27,2721.14,2751.72,2714.10,2741.59,33542018,51900870656.00
2019/03/28,2728.05,2742.70,2709.39,2733.97,31840303,46631870464.00
2019/03/29,2747.54,2845.23,2746.11,2838.51,59676669,90550419456.00
2019/04/01,2860.14,2906.15,2860.14,2892.62,77912146,104513798144.00
2019/04/02,2900.63,2903.87,2878.39,2888.53,61187461,77540950016.00
2019/04/03,2869.85,2923.92,2865.30,2920.00,64723749,81562042368.00
2019/04/04,2927.10,2959.59,2921.20,2951.99,73035716,89999491072.00
2019/04/08,2978.50,3007.83,2938.65,2962.28,74531909,97533304832.00
2019/04/09,2968.08,2980.12,2948.31,2967.51,50802142,72309800960.00
2019/04/10,2957.27,2996.41,2941.35,2979.10,48692438,75072995328.00
2019/04/11,2982.39,3000.10,2920.19,2928.43,42811144,64001720320.00
2019/04/12,2920.55,2933.45,2903.27,2920.52,32521633,47318241280.00
2019/04/15,2973.02,2999.33,2924.60,2924.93,58437528,77706067968.00
2019/04/16,2914.99,3023.03,2909.67,3023.03,70764163,85299159040.00
2019/04/17,3017.39,3035.41,2996.76,3017.42,49960675,64317210624.00
2019/04/18,3014.91,3019.54,2993.27,3004.92,39670684,50009083904.00
2019/04/19,3013.67,3043.93,2989.55,3042.43,39943672,56035405824.00
2019/04/22,3047.43,3048.82,2962.36,2970.49,56759697,74865754112.00
2019/04/23,2968.00,3007.35,2964.98,2978.85,41065456,57398710272.00
2019/04/24,2989.96,3001.53,2933.53,2974.85,35425729,51081277440.00
2019/04/25,2962.74,2973.22,2924.02,2928.00,38934483,52302557184.00
2019/04/26,2913.78,2930.21,2892.53,2892.86,36562197,52261888000.00
2019/04/29,2906.47,2968.16,2899.83,2939.41,39249355,60772630528.00
2019/04/30,2935.24,2955.88,2919.49,2945.24,32127983,49535143936.00
2019/05/06,2853.88,2867.60,2768.80,2805.04,62436063,93816545280.00
2019/05/07,2814.47,2833.20,2777.73,2806.26,35418177,59334291456.00
2019/05/08,2753.61,2796.47,2750.93,2758.24,30398772,47867858944.00
2019/05/09,2740.35,2748.01,2686.47,2698.78,30758681,52817874944.00
2019/05/10,2731.58,2798.87,2698.81,2793.76,39453278,64003883008.00
2019/05/13,2751.76,2767.48,2736.84,2741.11,26590971,40076136448.00
2019/05/14,2716.73,2754.69,2716.73,2724.73,26222018,41690816512.00
2019/05/15,2743.78,2797.15,2743.78,2783.54,30718920,47008657408.00
2019/05/16,2777.85,2793.76,2766.15,2791.41,28946302,39573598208.00
2019/05/17,2792.08,2792.51,2728.93,2735.21,30072063,42881486848.00
2019/05/20,2726.07,2746.66,2697.61,2715.43,31202646,41320624128.00
2019/05/21,2717.87,2764.48,2712.04,2739.79,26969051,38322655232.00
2019/05/22,2739.11,2745.86,2714.65,2725.73,23168729,31594205184.00
2019/05/23,2710.57,2713.94,2679.54,2685.93,27810156,37242028032.00
2019/05/24,2693.88,2722.34,2692.53,2702.03,21237076,29272238080.00
2019/05/27,2696.26,2731.30,2667.38,2722.33,27243848,38602911744.00
2019/05/28,2719.06,2759.78,2716.31,2748.80,34670056,50583998464.00
2019/05/29,2728.44,2780.31,2724.85,2755.81,24940857,42312699904.00
2019/05/30,2748.43,2752.69,2721.88,2742.96,24398405,33563877376.00
2019/05/31,2740.30,2762.39,2728.95,2728.95,22188152,30748522496.00
2019/06/03,2737.81,2762.08,2723.93,2743.06,27092220,36382740480.00
2019/06/04,2744.70,2746.51,2713.80,2721.31,22275832,31497304064.00
2019/06/05,2741.94,2747.23,2717.93,2719.60,25766253,35126726656.00
2019/06/06,2727.70,2727.70,2701.92,2706.76,21390312,29226455040.00
2019/06/10,2717.91,2752.88,2712.16,2743.37,27088081,39536246784.00
2019/06/11,2750.54,2816.99,2750.54,2812.90,40850315,61099053056.00
2019/06/12,2802.53,2805.01,2790.18,2796.73,26445230,36655472640.00
2019/06/13,2798.02,2804.76,2771.86,2794.54,23452887,32358596608.00
2019/06/14,2798.40,2816.18,2781.72,2785.61,26124830,35432681472.00
2019/06/17,2785.47,2813.45,2785.47,2793.70,20477851,29172434944.00
2019/06/18,2800.83,2809.87,2785.38,2806.45,21676404,28833695744.00
2019/06/19,2872.07,2879.23,2842.42,2842.74,41160110,61700812800.00
2019/06/20,2847.32,2954.03,2846.44,2942.63,57360369,87264862208.00
2019/06/21,2939.65,2958.23,2929.90,2938.77,46560205,68751728640.00
2019/06/24,2942.51,2958.02,2931.67,2949.52,29016018,48517967872.00
2019/06/25,2946.02,2946.71,2875.37,2910.12,38165595,64510971904.00
2019/06/26,2896.77,2915.24,2891.00,2903.49,24024660,36749516800.00
2019/06/27,2917.20,2952.91,2914.96,2937.13,33472487,54015594496.00
2019/06/28,2932.69,2937.29,2911.67,2930.60,23708671,37348147200.00
2019/07/01,2984.65,3011.91,2978.75,3002.94,42622714,67658866688.00
2019/07/02,3000.78,3003.88,2988.47,2999.08,34629488,50202955776.00
2019/07/03,2990.05,2990.05,2953.70,2964.73,33918965,52948819968.00
2019/07/04,2966.33,2974.80,2939.97,2953.27,32928834,49240940544.00
2019/07/05,2952.71,2967.98,2937.60,2961.92,23845345,37972406272.00
2019/07/08,2944.97,2944.97,2877.74,2897.51,33732588,48931991552.00
2019/07/09,2894.33,2902.14,2872.03,2881.55,21374700,33052157952.00
2019/07/10,2896.70,2897.58,2870.67,2878.78,18911521,30567385088.00
2019/07/11,2897.47,2918.94,2879.64,2887.83,21157266,37057601536.00
2019/07/12,2883.09,2912.90,2878.20,2902.13,21454210,36102860800.00
2019/07/15,2885.98,2920.16,2850.10,2902.61,28196106,45518426112.00
2019/07/16,2900.05,2905.11,2881.40,2884.56,17411517,29622630400.00
2019/07/17,2877.49,2892.34,2866.47,2875.03,18099830,29234606080.00
2019/07/18,2869.73,2872.24,2859.07,2859.16,19542086,30766133248.00
2019/07/19,2875.96,2906.55,2875.90,2895.63,22451089,36954836992.00
2019/07/22,2897.79,2905.35,2872.53,2881.90,23603184,33459224576.00
2019/07/23,2885.70,2889.39,2871.51,2881.10,20448748,29522995200.00
2019/07/24,2894.94,2923.40,2894.59,2906.55,26019871,40437284864.00
2019/07/25,2911.01,2931.18,2903.31,2931.18,22933113,34994769920.00
2019/07/26,2918.11,2943.07,2918.01,2939.35,23521864,33015285760.00
2019/07/29,2936.64,2938.73,2922.68,2930.49,22372005,31238965248.00
2019/07/30,2939.14,2958.30,2938.90,2944.03,22696980,34400993280.00
2019/07/31,2931.85,2932.65,2906.71,2912.66,23888034,36069126144.00
2019/08/01,2901.15,2909.47,2880.30,2887.87,24271683,34658799616.00
2019/08/02,2837.37,2852.12,2831.66,2843.77,29943968,42769403904.00
2019/08/05,2823.35,2828.48,2785.90,2786.72,28350976,40869466112.00
2019/08/06,2736.68,2771.79,2718.21,2760.68,36941691,55246286848.00
2019/08/07,2771.24,2773.94,2747.25,2747.25,24588464,35131932672.00
2019/08/08,2771.45,2790.14,2768.71,2786.87,29406960,38752526336.00
2019/08/09,2800.44,2802.81,2767.14,2772.15,25380966,34104733696.00
2019/08/12,2787.44,2825.09,2782.77,2824.80,22136997,38630481920.00
2019/08/13,2807.96,2812.49,2787.12,2792.91,21464034,31203938304.00
2019/08/14,2827.04,2831.34,2803.86,2804.36,26108221,39001288704.00
2019/08/15,2758.74,2815.15,2756.38,2814.39,25284675,35967053824.00
2019/08/16,2817.27,2846.26,2805.81,2824.23,24147328,40454103040.00
2019/08/19,2839.25,2877.47,2823.87,2877.23,41911167,60087435264.00
2019/08/20,2869.16,2883.55,2864.71,2875.65,29817583,41610604544.00
2019/08/21,2868.63,2875.01,2864.81,2869.22,21637444,31697840128.00
2019/08/22,2878.73,2881.06,2862.44,2878.00,20493057,31209996288.00
2019/08/23,2880.57,2923.93,2876.02,2917.38,24138057,45464080384.00
2019/08/26,2869.46,2882.45,2854.51,2863.48,26436578,46412406784.00
2019/08/27,2883.42,2915.84,2881.00,2887.24,35741368,57183305728.00
2019/08/28,2883.35,2887.85,2860.71,2867.03,23610765,41588187136.00
2019/08/29,2867.77,2871.63,2843.28,2855.45,22386670,37475569664.00
2019/08/30,2878.21,2886.35,2856.03,2872.40,25922975,43825500160.00
2019/09/02,2871.29,2902.41,2866.75,2894.96,29753214,45888749568.00
2019/09/03,2897.29,2900.76,2878.10,2892.18,25904982,39972052992.00
2019/09/04,2888.97,2919.68,2887.59,2919.68,37647144,53644451840.00
2019/09/05,2938.14,2988.21,2938.14,2955.84,52852272,79279038464.00
2019/09/06,2974.80,2981.24,2955.82,2981.07,31465367,49253543936.00
2019/09/09,3004.80,3008.67,2974.23,2981.59,38695798,60012228608.00
2019/09/10,2987.51,2988.06,2958.31,2969.80,36034678,51347963904.00
2019/09/11,2978.97,2980.66,2946.57,2957.14,35199335,57420857344.00
2019/09/12,2970.01,3001.23,2963.45,2999.56,31824410,52267978752.00
2019/09/16,3003.65,3004.88,2972.58,2982.45,32533939,48002498560.00
2019/09/17,2974.01,2974.01,2929.31,2937.01,30722495,45651980288.00
2019/09/18,2947.97,2967.86,2947.68,2954.36,23353923,41683898368.00
2019/09/19,2965.03,2965.11,2941.66,2956.83,20942809,34846674944.00
2019/09/20,2964.92,2970.72,2956.92,2963.43,30230028,47729266688.00
2019/09/23,2955.26,2955.26,2916.43,2930.91,23782646,39232462848.00
2019/09/24,2936.95,2956.29,2929.60,2940.08,22732296,40266780672.00
2019/09/25,2930.14,2942.00,2923.15,2928.84,22526512,35894448128.00
2019/09/26,2939.68,2952.87,2926.54,2927.88,31466918,44815323136.00
2019/09/27,2929.32,2934.33,2916.07,2929.47,23014561,32422354944.00
2019/09/30,2917.07,2933.51,2897.68,2897.70,19233021,30265812992.00
2019/10/08,2898.53,2938.87,2898.53,2922.35,24961388,39074500608.00
2019/10/09,2908.17,2931.64,2896.26,2922.98,26136018,40412672000.00
2019/10/10,2917.82,2944.02,2910.35,2940.80,21996133,35842654208.00
2019/10/11,2952.47,2989.75,2945.01,2983.12,31177123,48168620032.00
2019/10/14,3007.36,3040.50,2997.66,3013.53,42543315,56735170560.00
2019/10/15,3018.86,3019.29,3005.87,3015.42,25446083,37222301696.00
2019/10/16,3015.17,3043.45,2999.38,3004.72,26256367,42282389504.00
2019/10/17,3009.69,3018.65,2997.84,3011.75,18936107,31585236992.00
2019/10/18,3020.01,3027.61,2961.13,2963.18,24631271,37356081152.00
2019/10/21,2957.97,2973.79,2950.30,2968.91,24223543,36733976576.00
2019/10/22,2983.84,2983.84,2956.90,2973.22,21001262,29912297472.00
2019/10/23,2969.99,2977.68,2945.84,2954.31,22633012,30608314368.00
2019/10/24,2963.34,2976.37,2945.68,2959.03,24482739,34206449664.00
2019/10/25,2955.51,2970.54,2935.06,2967.05,24522583,43830272000.00
2019/10/28,2967.63,2984.94,2962.40,2981.36,28490213,42480533504.00
2019/10/29,2982.45,2984.35,2968.21,2968.28,21802993,34000117760.00
2019/10/30,2966.76,2971.90,2946.97,2952.12,21820115,33653354496.00
2019/10/31,2964.91,2966.59,2948.33,2954.73,26277647,42158764032.00
2019/11/01,2953.74,3005.18,2947.60,3002.65,28879939,46727802880.00
2019/11/04,3012.94,3025.64,3011.20,3022.28,30906972,47783956480.00
2019/11/05,3024.87,3065.93,3015.80,3039.98,38359862,55760629760.00
2019/11/06,3041.42,3045.46,3024.75,3032.79,29174816,40808898560.00
2019/11/07,3034.16,3044.72,3021.69,3033.30,23317946,34760204288.00
2019/11/08,3052.69,3055.60,3011.37,3012.46,28297012,41316356096.00
2019/11/11,2995.14,2995.14,2962.68,2965.71,28511827,40134021120.00
2019/11/12,2973.00,2978.17,2954.78,2971.36,20527695,31297828864.00
2019/11/13,2967.62,2976.26,2955.10,2967.67,22621812,37211947008.00
2019/11/14,2975.48,2980.70,2964.92,2968.57,22123548,35768606720.00
2019/11/15,2972.48,2976.37,2953.76,2954.70,22029561,32519690240.00
2019/11/18,2954.78,2985.97,2949.47,2980.95,23876300,34685923328.00
2019/11/19,2973.57,3000.75,2973.57,3000.75,24265871,36274061312.00
2019/11/20,2991.42,2996.51,2962.71,2968.12,22511696,33591330816.00
2019/11/21,2957.07,2957.35,2940.15,2949.34,21914452,35263795200.00
2019/11/22,2952.77,2967.78,2913.18,2922.27,26802021,46004985856.00
2019/11/25,2926.15,2951.79,2925.40,2951.25,33302211,47559847936.00
2019/11/26,2962.37,2965.39,2943.55,2946.57,30225430,43776028672.00
2019/11/27,2948.34,2953.39,2933.28,2944.32,20359377,30182553600.00
2019/11/28,2945.34,2952.26,2922.55,2930.48,17773346,26320955392.00
2019/11/29,2923.45,2927.25,2879.93,2894.72,20790150,41700315136.00
2019/12/02,2896.51,2913.74,2893.42,2899.44,21334638,34920128512.00
2019/12/03,2892.42,2909.95,2876.52,2909.62,19088333,32162498560.00
2019/12/04,2902.13,2903.94,2887.84,2901.07,19438168,29114650624.00
2019/12/05,2912.94,2927.34,2907.77,2921.95,22464511,35722563584.00
2019/12/06,2928.36,2939.82,2922.43,2939.82,21383576,33592907776.00
2019/12/09,2944.16,2945.27,2923.79,2933.04,25034095,38061109248.00
2019/12/10,2925.95,2937.78,2923.75,2936.99,20246093,31073841152.00
2019/12/11,2947.55,2953.94,2934.04,2949.65,23592999,33641814016.00
2019/12/12,2954.40,2954.40,2934.00,2938.04,20689842,32958976000.00
2019/12/13,2968.86,3006.31,2967.85,3006.31,41894582,66647265280.00
2019/12/16,2999.50,2999.53,2983.19,2999.20,33429792,61966979072.00
2019/12/17,3000.78,3053.83,2991.08,3033.14,47347335,76916506624.00
2019/12/18,3031.89,3041.83,3020.95,3025.78,32492619,53907140608.00
2019/12/19,3027.67,3029.70,3009.87,3017.71,26929092,42049273856.00
2019/12/20,3022.12,3033.56,3009.38,3012.63,25092228,42559311872.00
2019/12/23,3015.29,3028.56,2982.02,2984.24,27450023,46144913408.00
2019/12/24,2985.62,2999.08,2982.42,2996.77,22275453,33020813312.00
2019/12/25,2993.36,2993.56,2976.91,2986.00,21384876,35451596800.00
2019/12/26,2986.31,3011.64,2985.53,3011.64,23055824,38127468544.00
2019/12/27,3012.03,3047.61,3012.03,3017.78,34420274,57220452352.00
2019/12/30,3016.20,3065.25,3007.96,3062.75,43666647,76973531136.00
2019/12/31,3057.30,3065.38,3043.93,3063.22,31074043,53266972672.00
2020/01/02,3073.93,3107.52,3073.93,3090.83,50036392,94773731328.00
2020/01/03,3097.25,3097.41,3072.11,3078.28,37185493,72346787840.00
2020/01/06,3062.28,3090.84,3040.19,3056.84,47707827,77770391552.00
2020/01/07,3063.75,3080.27,3061.56,3074.02,34371788,56886579200.00
2020/01/08,3058.36,3058.70,3030.10,3037.85,37653773,59854843904.00
2020/01/09,3060.77,3071.54,3055.99,3067.55,33150515,57676820480.00
2020/01/10,3079.08,3081.96,3058.16,3067.88,28542389,51634929664.00
2020/01/13,3069.68,3090.13,3054.88,3090.13,29330835,57052246016.00
2020/01/14,3097.73,3108.18,3078.46,3080.60,35129017,56961445888.00
2020/01/15,3078.25,3086.97,3052.70,3058.01,28116086,46971572224.00
2020/01/16,3067.95,3068.20,3039.07,3043.09,28312318,45497745408.00
2020/01/17,3054.04,3067.56,3042.59,3053.17,23304514,46224605184.00
2020/01/20,3070.67,3072.29,3054.45,3065.99,27274849,55623208960.00
2020/01/21,3048.95,3050.82,3011.18,3012.11,32801291,59740274688.00
2020/01/22,2996.81,3023.90,2965.66,3017.88,33159760,60509151232.00
2020/01/23,2993.77,2993.77,2910.39,2932.49,42839352,75506614272.00
2020/02/03,2676.01,2755.84,2676.01,2727.09,58609184,96131244032.00
2020/02/04,2724.13,2796.71,2724.13,2794.66,57016369,91856019456.00
2020/02/05,2803.74,2833.21,2782.42,2812.90,44182070,73422004224.00
2020/02/06,2829.51,2866.39,2809.37,2854.89,42134251,70417285120.00
2020/02/07,2836.80,2851.82,2819.67,2851.71,34443628,59065094144.00
2020/02/10,2826.80,2854.83,2817.77,2850.06,33654934,56648241152.00
2020/02/11,2858.92,2893.07,2854.07,2879.86,36028244,58519425024.00
2020/02/12,2876.67,2895.93,2870.77,2895.59,31230750,52126941184.00
2020/02/13,2898.40,2906.72,2871.27,2875.48,37434764,57844936704.00
2020/02/14,2870.71,2900.20,2870.63,2895.06,35125996,53270507520.00
2020/02/17,2901.69,2950.28,2898.59,2950.07,45296532,72567316480.00
2020/02/18,2940.65,2944.43,2914.96,2924.40,38098991,60875096064.00
2020/02/19,2917.13,2942.35,2914.59,2923.76,40270252,62808195072.00
2020/02/20,2931.37,2981.27,2920.80,2978.18,50229847,84693540864.00
2020/02/21,2965.60,2991.06,2959.51,2968.14,46920152,83241623552.00
2020/02/24,2949.98,2953.29,2922.16,2930.03,48637573,84187873280.00
2020/02/25,2891.98,2912.16,2869.64,2909.32,53157948,88652947456.00
2020/02/26,2877.46,2930.02,2872.83,2901.67,62965029,93491142656.00
2020/02/27,2904.87,2927.20,2903.75,2912.04,42152250,70016401408.00
2020/02/28,2860.28,2880.80,2818.43,2821.04,58479965,90536230912.00
2020/03/02,2837.77,2922.95,2837.77,2907.89,54884776,85151776768.00
2020/03/03,2941.68,2948.55,2910.76,2921.44,53161398,84017217536.00
2020/03/04,2921.07,2949.57,2919.37,2947.57,42569549,75555569664.00
2020/03/05,2966.69,3023.12,2956.65,3018.07,60497966,105885810688.00
2020/03/06,2989.77,2999.49,2962.40,2964.83,41855288,69696069632.00
2020/03/09,2908.63,2908.63,2864.49,2868.83,58864747,89883303936.00
2020/03/10,2859.87,2935.09,2852.93,2924.22,48050530,76922298368.00
2020/03/11,2927.83,2927.83,2888.36,2888.36,36442062,58821558272.00
2020/03/12,2858.51,2866.14,2828.29,2841.98,37023632,60744921088.00
2020/03/13,2720.61,2826.72,2715.14,2798.77,49061355,82814500864.00
2020/03/16,2800.00,2800.18,2689.90,2694.02,46971206,76460310528.00
2020/03/17,2696.70,2734.80,2629.18,2685.59,41532694,70083878912.00
2020/03/18,2695.42,2724.30,2625.60,2625.75,37681392,66187350016.00
2020/03/19,2611.75,2630.05,2517.30,2569.79,49523528,83641802752.00
2020/03/20,2597.98,2636.14,2580.36,2628.42,37231436,61882458112.00
2020/03/23,2548.85,2586.11,2548.00,2559.62,32549721,56761577472.00
2020/03/24,2608.24,2641.87,2592.61,2639.38,36868414,62053257216.00
2020/03/25,2700.10,2711.12,2681.09,2700.19,38491194,66439254016.00
2020/03/26,2676.62,2716.34,2673.44,2689.28,28226021,47526068224.00
2020/03/27,2722.47,2733.52,2701.44,2701.44,35386945,56316141568.00
2020/03/30,2667.12,2696.33,2664.72,2690.04,34049707,52410859520.00
2020/03/31,2713.50,2716.02,2684.21,2689.38,30299038,46061514752.00
2020/04/01,2684.50,2722.32,2680.08,2682.08,27519373,44240195584.00
2020/04/02,2667.94,2719.89,2665.81,2719.89,28730893,43855142912.00
2020/04/03,2707.82,2720.84,2697.83,2708.82,24444559,39428104192.00
2020/04/07,2756.27,2762.31,2743.16,2757.41,35954651,59656454144.00
2020/04/08,2742.36,2753.49,2736.09,2743.89,25401676,38559903744.00
2020/04/09,2754.72,2760.59,2749.42,2752.59,23820497,38382878720.00
2020/04/10,2755.20,2787.28,2742.52,2749.85,25444794,43526676480.00
2020/04/13,2740.09,2749.48,2731.03,2739.17,19187662,30636072960.00
2020/04/14,2756.50,2785.80,2745.99,2785.72,26722995,48384372736.00
2020/04/15,2783.28,2788.09,2761.44,2764.49,23051495,42309459968.00
2020/04/16,2751.69,2771.43,2750.29,2768.26,23016379,41776713728.00
2020/04/17,2790.83,2825.96,2782.71,2809.08,34869719,62422704128.00
2020/04/20,2812.80,2821.01,2799.92,2819.79,27627564,48186425344.00
2020/04/21,2808.91,2808.91,2767.27,2784.53,24943676,42654498816.00
2020/04/22,2774.44,2804.24,2768.40,2804.24,20694563,37039161344.00
2020/04/23,2813.73,2820.24,2794.46,2797.66,24529563,40003338240.00
2020/04/24,2789.05,2789.05,2770.34,2776.02,19914774,35854090240.00
2020/04/27,2786.47,2818.54,2783.17,2805.22,23147140,40090087424.00
2020/04/28,2814.23,2832.06,2781.15,2825.14,27084228,47828238336.00
2020/04/29,2814.60,2852.10,2814.07,2844.81,25430134,45196775424.00
2020/04/30,2851.14,2882.70,2851.14,2861.91,30389053,52437639168.00
2020/05/06,2823.29,2865.11,2823.27,2863.85,35459781,59544694784.00
2020/05/07,2860.96,2863.16,2845.66,2854.42,23902000,41458941952.00
2020/05/08,2864.86,2883.69,2858.11,2873.01,27037179,48756760576.00
2020/05/11,2876.77,2897.99,2864.96,2871.85,25308998,46507597824.00
2020/05/12,2871.31,2880.50,2855.02,2869.60,21330150,39257276416.00
2020/05/13,2860.82,2869.70,2845.34,2867.71,18325651,33483747328.00
2020/05/14,2854.78,2854.78,2833.95,2834.53,19818343,36947677184.00
2020/05/15,2845.91,2849.17,2818.37,2819.69,19470580,38909792256.00
2020/05/18,2821.73,2849.85,2813.26,2837.17,22626866,43886596096.00
2020/05/19,2869.23,2872.70,2854.89,2860.67,22705516,42580938752.00
2020/05/20,2861.59,2864.67,2847.26,2856.14,19949229,37561348096.00
2020/05/21,2866.74,2867.91,2844.14,2846.82,19071145,36357586944.00
2020/05/22,2840.88,2841.11,2775.31,2775.81,25971302,46841991168.00
2020/05/25,2784.43,2789.82,2762.30,2789.71,18674923,33629753344.00
2020/05/26,2806.25,2811.83,2796.85,2808.84,18110409,32226209792.00
2020/05/27,2810.47,2814.56,2790.84,2795.48,19759953,33762193408.00
2020/05/28,2797.37,2830.46,2785.32,2809.66,22943372,38842765312.00
2020/05/29,2791.62,2813.82,2788.87,2806.66,21471026,36267708416.00
2020/06/01,2832.22,2873.05,2832.22,2870.36,28433443,52739289088.00
2020/06/02,2864.53,2890.81,2862.68,2885.92,26703943,48136503296.00
2020/06/03,2900.87,2922.78,2889.08,2889.11,27840975,51525906432.00
2020/06/04,2900.96,2902.90,2876.44,2883.36,21894729,36051894272.00
2020/06/05,2886.23,2896.35,2871.87,2896.35,21269701,38224564224.00
2020/06/08,2907.68,2925.20,2904.03,2909.59,29300629,53846966272.00
2020/06/09,2911.95,2931.54,2905.84,2928.30,24400880,44447002624.00
2020/06/10,2925.17,2925.17,2905.21,2908.48,22717666,41298669568.00
2020/06/11,2899.49,2907.66,2867.20,2876.51,28998543,50569232384.00
2020/06/12,2840.80,2884.99,2837.55,2884.12,34095944,51141595136.00
2020/06/15,2862.49,2875.03,2838.61,2838.61,29310497,55344279552.00
2020/06/16,2867.71,2879.53,2861.01,2878.99,24218333,43386146816.00
2020/06/17,2879.85,2882.10,2864.16,2881.13,22244613,42134102016.00
2020/06/18,2872.17,2892.12,2860.50,2888.96,27634304,47707496448.00
2020/06/19,2891.31,2933.90,2888.92,2925.94,37137361,74110246912.00
2020/06/22,2921.30,2947.61,2912.49,2921.89,37262985,72454864896.00
2020/06/23,2913.01,2929.80,2902.12,2925.42,27540128,59578425344.00
2020/06/24,2928.52,2947.19,2926.84,2943.47,30179573,61408739328.00
2020/06/29,2935.54,2942.49,2909.45,2925.48,32483377,64157814784.00
2020/06/30,2933.93,2951.12,2928.68,2942.07,27015598,56079511552.00
2020/07/01,2950.49,3010.36,2941.38,3009.86,42668069,83084460032.00
2020/07/02,3005.36,3088.96,3003.78,3084.24,67223806,118751707136.00
2020/07/03,3101.39,3159.17,3101.26,3159.16,78209416,137578594304.00
2020/07/06,3198.74,3384.87,3198.74,3374.14,122167869,202917642240.00
2020/07/07,3438.86,3465.47,3381.76,3381.76,108624139,199150092288.00
2020/07/08,3378.11,3466.63,3371.59,3429.94,91457213,167555891200.00
2020/07/09,3426.60,3451.93,3403.73,3442.02,84934440,153534464000.00
2020/07/10,3404.00,3411.09,3338.59,3351.78,79046518,139047239680.00
2020/07/13,3338.71,3421.94,3327.70,3390.12,80024186,144465870848.00
2020/07/14,3374.07,3391.90,3310.89,3348.03,76786395,129973788672.00
2020/07/15,3363.92,3374.29,3303.15,3313.76,70412031,133624135680.00
2020/07/16,3313.56,3326.69,3162.03,3162.03,74683068,151041933312.00
2020/07/17,3181.70,3223.54,3151.22,3185.89,49449099,104284758016.00
2020/07/20,3219.92,3293.63,3189.47,3287.92,63047536,124831907840.00
2020/07/21,3302.72,3305.20,3272.47,3286.81,44511981,98108440576.00
2020/07/22,3278.74,3354.72,3273.81,3291.36,54403751,109522100224.00
2020/07/23,3263.07,3303.43,3224.51,3284.11,55665583,106252943360.00
2020/07/24,3265.52,3270.56,3136.64,3158.29,60638136,127518162944.00
2020/07/27,3178.05,3194.14,3136.03,3163.23,37627456,78769807360.00
2020/07/28,3188.96,3205.57,3168.90,3185.89,35710451,81039523840.00
2020/07/29,3184.72,3245.70,3171.04,3243.39,43648691,97413668864.00
2020/07/30,3252.20,3263.19,3231.36,3231.52,36108945,90507935744.00
2020/07/31,3226.42,3284.38,3199.91,3249.34,42897905,97122123776.00
2020/08/03,3271.18,3284.79,3251.82,3281.10,48299026,104838184960.00
2020/08/04,3293.92,3329.56,3279.14,3312.13,62540477,123874295808.00
2020/08/05,3298.14,3300.90,3257.29,3292.31,45579284,95922266112.00
2020/08/06,3295.43,3311.36,3243.65,3292.20,48945753,109937582080.00
2020/08/07,3277.44,3288.79,3219.42,3263.75,48981049,110237425664.00
2020/08/10,3250.54,3309.98,3232.09,3285.76,53271403,112583131136.00
2020/08/11,3291.34,3333.75,3257.37,3262.82,53822802,107967758336.00
2020/08/12,3255.54,3266.58,3199.55,3249.74,51024947,100012351488.00
2020/08/13,3261.13,3265.51,3230.17,3241.84,37092071,73178185728.00
2020/08/14,3236.95,3292.03,3230.21,3288.51,36747477,75029766144.00
2020/08/17,3300.90,3397.50,3299.21,3368.85,75899031,136889434112.00
2020/08/18,3369.87,3377.52,3350.78,3367.33,47444157,93429432320.00
2020/08/19,3361.72,3366.68,3306.33,3307.66,44419447,86276931584.00
2020/08/20,3285.20,3288.21,3252.18,3264.53,37052900,72986140672.00
2020/08/21,3287.43,3299.94,3261.55,3274.59,25314019,55003365376.00
