Date,Open,High,Low,Close,Adj Close,Volume
2017/05/15,8.05,9.77,8.05,9.77,100074,1337841.00
2017/05/16,10.80,10.80,10.80,10.80,58989,870678.00
2017/05/17,11.94,11.94,11.94,11.94,58430,948903.00
2017/05/18,13.18,13.18,13.18,13.18,233200,4164952.00
2017/05/19,14.56,14.56,13.60,13.62,111511896,2108598016.00
2017/05/22,12.45,12.90,12.21,12.21,65131659,1099175296.00
2017/05/23,11.79,12.20,11.47,11.68,46839275,752417536.00
2017/05/24,11.79,12.20,11.68,11.98,36620455,594178432.00
2017/05/25,11.86,11.89,11.10,11.37,45425145,705719808.00
2017/05/26,11.30,12.12,11.16,11.68,47316138,747653184.00
2017/05/31,12.21,12.78,11.81,11.82,48685724,809093184.00
2017/06/01,11.45,11.56,10.88,10.92,37473904,572748416.00
2017/06/02,10.81,11.19,10.63,11.08,22549203,337218528.00
2017/06/05,11.25,11.29,10.98,11.02,22693889,344640832.00
2017/06/06,10.78,10.95,10.78,10.90,16095414,238659856.00
2017/06/07,10.93,11.27,10.86,11.25,27577217,419626784.00
2017/06/08,11.20,11.25,10.92,10.97,26445021,399587136.00
2017/06/09,10.98,11.03,10.80,10.90,15280310,227249200.00
2017/06/12,10.75,10.79,10.41,10.42,19529596,283608256.00
2017/06/13,10.46,10.68,10.43,10.60,12032731,173767200.00
2017/06/14,10.54,10.58,10.37,10.38,13064012,186691152.00
2017/06/15,10.37,10.63,10.36,10.56,16191021,233625344.00
2017/06/16,10.58,10.58,10.42,10.45,10298516,147595472.00
2017/06/19,10.48,10.51,10.43,10.50,7969019,114176040.00
2017/06/20,10.52,10.78,10.47,10.61,17873962,259834880.00
2017/06/21,10.63,10.68,10.50,10.55,10517316,152173264.00
2017/06/22,10.57,10.58,10.28,10.30,13801059,197107840.00
2017/06/23,10.24,10.30,9.92,10.10,13967918,193487856.00
2017/06/26,10.06,10.19,9.96,10.13,9348057,129131184.00
2017/06/27,10.12,10.25,10.06,10.12,7642225,106378416.00
2017/06/28,10.09,10.09,9.98,9.98,7501786,103090288.00
2017/06/29,10.08,10.18,10.05,10.08,7650780,105916824.00
2017/06/30,10.02,10.18,9.96,10.12,10046363,138917488.00
2017/07/03,10.13,10.33,10.12,10.30,12424335,174907888.00
2017/07/04,10.32,10.32,10.19,10.23,7966868,111840264.00
2017/07/05,10.21,10.42,10.21,10.40,14985570,212672576.00
2017/07/06,10.45,10.48,10.29,10.33,12731525,180836624.00
2017/07/07,10.34,10.48,10.32,10.42,13740640,196101136.00
2017/07/10,10.36,10.36,10.18,10.20,14527217,204054288.00
2017/07/11,10.20,10.28,10.02,10.03,10104006,140200304.00
2017/07/12,10.02,10.09,9.80,9.96,10104410,137603280.00
2017/07/13,9.94,10.02,9.92,9.96,5832902,79750288.00
2017/07/14,9.96,9.98,9.88,9.89,4849344,66026744.00
2017/07/17,9.85,9.88,8.97,9.02,16332791,208151664.00
2017/07/18,9.14,9.18,9.02,9.13,8104278,101827328.00
2017/07/19,9.13,9.25,9.07,9.22,8630026,109202304.00
2017/07/20,9.24,9.42,9.22,9.27,9540123,122731472.00
2017/07/21,9.24,9.31,9.19,9.22,6748723,85874896.00
2017/07/24,9.25,9.32,9.18,9.28,6509829,82941920.00
2017/07/25,9.29,9.32,9.18,9.22,5013594,63818380.00
2017/07/26,9.22,9.35,9.20,9.28,8342730,106673024.00
2017/07/27,9.30,9.45,9.15,9.44,13050854,167812112.00
2017/07/28,9.41,9.43,9.31,9.33,8049678,103653200.00
2017/07/31,9.35,9.36,9.28,9.32,6056674,77732912.00
2017/08/01,9.31,9.33,9.24,9.33,7393829,94572480.00
2017/08/02,9.34,9.35,9.23,9.23,6699423,85564120.00
2017/08/03,9.22,9.33,9.20,9.25,5878060,74930880.00
2017/08/04,9.28,9.38,9.24,9.25,8773472,112480240.00
2017/08/07,9.27,9.32,9.16,9.24,6021046,76495648.00
2017/08/08,9.22,9.81,9.18,9.68,28230332,370766496.00
2017/08/09,9.61,9.67,9.45,9.47,14149882,185110816.00
2017/08/10,9.43,9.55,9.38,9.44,10008497,130451696.00
2017/08/11,9.37,9.42,9.25,9.25,7831636,100612272.00
2017/08/14,9.27,9.41,9.23,9.36,5157771,66385868.00
2017/08/15,9.38,9.42,9.31,9.37,6032025,77760664.00
2017/08/16,9.39,9.62,9.35,9.53,12774131,167191776.00
2017/08/17,9.50,9.57,9.46,9.55,7238374,94714616.00
2017/08/18,9.54,9.54,9.45,9.47,5646927,73680048.00
2017/08/21,9.47,9.64,9.47,9.59,8335166,109885816.00
2017/08/22,9.59,9.65,9.55,9.61,8279971,109362920.00
2017/08/23,9.63,9.63,9.48,9.54,6626917,87050760.00
2017/08/24,9.54,9.61,9.43,9.45,8103385,106110776.00
2017/08/25,9.45,9.75,9.39,9.65,13932356,184409024.00
2017/08/28,9.69,9.95,9.65,9.85,21309773,286983456.00
2017/08/29,9.90,10.39,9.87,10.12,35100125,485934624.00
2017/08/30,10.12,10.12,9.90,9.92,16316428,223635872.00
2017/08/31,9.87,10.16,9.87,10.12,16715929,230420512.00
2017/09/01,10.15,10.19,10.01,10.04,12376017,170889456.00
2017/09/04,10.05,10.12,9.91,9.94,10603750,145385744.00
2017/09/05,9.92,10.01,9.85,9.87,9872274,134314112.00
2017/09/06,9.88,10.05,9.83,10.02,13236324,180428208.00
2017/09/07,10.06,10.13,9.92,9.93,11199784,154173920.00
2017/09/08,9.94,9.94,9.78,9.82,7387738,99948608.00
2017/09/11,9.95,10.37,9.95,10.28,28048005,392376096.00
2017/09/12,10.17,10.38,10.04,10.24,23901889,333604096.00
2017/09/13,10.22,10.81,10.16,10.68,40276006,585445760.00
2017/09/14,10.52,10.80,10.45,10.56,21996078,319472608.00
2017/09/15,10.57,11.13,10.52,10.93,33311779,494880672.00
2017/09/18,11.18,11.36,10.80,10.95,26710865,400539136.00
2017/09/19,10.88,11.06,10.65,10.68,18422559,271166528.00
2017/09/20,10.68,10.85,10.58,10.75,10308680,151085664.00
2017/09/21,10.70,11.12,10.60,10.98,26499283,396357248.00
2017/09/22,10.90,11.22,10.86,10.98,17389061,262605824.00
2017/09/25,11.10,11.19,10.45,10.47,16610036,244843744.00
2017/09/26,10.45,10.69,10.39,10.64,10869589,157053296.00
2017/09/27,10.65,10.77,10.55,10.64,7915915,115491552.00
2017/09/28,10.77,10.94,10.64,10.82,11045903,163239760.00
2017/09/29,10.80,10.92,10.69,10.78,7124758,104938128.00
2017/10/09,10.92,11.20,10.78,11.05,16084696,242118368.00
2017/10/10,11.06,11.81,10.97,11.58,27454825,427923776.00
2017/10/11,11.46,11.95,11.46,11.75,26163047,417290880.00
2017/10/12,11.59,11.79,11.38,11.52,15126701,238417184.00
2017/10/13,11.45,11.82,11.42,11.78,13731861,218198864.00
2017/10/16,12.05,13.02,11.72,11.73,38876059,648771520.00
2017/10/17,11.42,11.58,11.01,11.28,25673298,394332416.00
2017/10/18,11.22,12.14,11.03,11.33,26618449,418881024.00
2017/10/19,11.32,11.59,11.01,11.15,18132941,278358368.00
2017/10/20,11.02,11.25,10.84,11.18,13936484,209640880.00
2017/10/23,11.12,11.28,10.97,11.05,10879124,164647600.00
2017/10/24,11.02,11.10,10.62,10.88,17157932,253958752.00
2017/10/25,10.78,10.95,10.72,10.83,10104912,149588512.00
2017/10/26,10.81,11.02,10.70,10.94,10393013,154739952.00
2017/10/27,10.92,11.15,10.92,11.03,10779884,162631296.00
2017/10/30,11.03,11.10,10.35,10.43,13543686,196004032.00
2017/10/31,10.44,10.56,10.38,10.55,6659964,95423848.00
2017/11/01,10.52,10.66,10.45,10.48,5404566,77915064.00
2017/11/02,10.47,10.49,10.36,10.40,5249541,74827344.00
2017/11/03,10.33,10.41,9.87,9.92,12209498,168831584.00
2017/11/06,9.94,10.03,9.72,10.02,7601005,103051152.00
2017/11/07,9.96,10.14,9.95,10.07,5584934,77105368.00
2017/11/08,10.11,10.34,10.06,10.20,6861061,96040832.00
2017/11/09,10.18,10.18,9.93,10.05,5909527,81452720.00
2017/11/10,10.03,10.10,9.91,10.05,5370627,73888360.00
2017/11/13,10.06,10.20,9.98,10.14,4682010,64909124.00
2017/11/14,10.15,10.15,9.75,9.81,8000525,109000256.00
2017/11/15,9.82,9.87,9.47,9.52,8977776,118861656.00
2017/11/16,9.54,9.70,9.48,9.54,6356589,83658888.00
2017/11/17,9.60,9.83,9.37,9.45,10273837,136049344.00
2017/11/20,9.45,9.85,9.39,9.83,8624153,114261912.00
2017/11/21,9.83,10.03,9.72,10.02,10429462,142493472.00
2017/11/22,9.92,10.04,9.78,9.89,6426616,87246016.00
2017/11/23,9.88,9.88,9.60,9.61,5600276,75079072.00
2017/11/24,9.57,9.67,9.21,9.32,8858844,114566440.00
2017/11/27,9.34,9.57,9.21,9.35,5410933,69947344.00
2017/11/28,9.42,9.82,9.41,9.78,8217338,109083888.00
2017/11/29,9.75,9.92,9.61,9.82,7291663,97789320.00
2017/11/30,9.95,10.14,9.85,9.92,12344308,169361568.00
2017/12/01,9.87,10.22,9.83,10.15,10577531,145999008.00
2017/12/04,10.20,10.20,9.87,9.96,9464492,129996360.00
2017/12/05,10.00,10.07,9.55,9.70,8833335,119214232.00
2017/12/06,9.65,10.37,9.58,10.30,17909372,248406336.00
2017/12/07,10.21,10.42,10.14,10.41,13040741,184141728.00
2017/12/08,10.37,10.63,10.28,10.33,17260325,247360688.00
2017/12/11,10.41,10.67,10.25,10.65,17081897,243679152.00
2017/12/12,10.60,10.88,10.55,10.59,19997796,292997216.00
2017/12/13,10.38,10.59,10.37,10.50,10625139,152171968.00
2017/12/14,10.49,10.79,10.43,10.75,14831388,216513552.00
2017/12/15,10.67,10.88,10.56,10.86,15096356,221624848.00
2017/12/18,10.91,10.95,10.48,10.52,14894720,218766528.00
2017/12/19,10.52,10.63,10.26,10.62,12923987,184840368.00
2017/12/20,10.58,10.88,10.54,10.78,17084117,251116048.00
2017/12/21,10.68,10.69,10.34,10.55,14822397,213159216.00
2017/12/22,10.50,10.62,10.38,10.54,9503458,136387488.00
2017/12/25,10.57,10.90,10.55,10.89,23814948,350086464.00
2017/12/26,10.81,11.15,10.75,11.04,26010096,388865440.00
2017/12/27,11.02,11.02,10.72,10.76,19089337,282514944.00
2017/12/28,10.77,10.87,10.61,10.82,13449268,197668960.00
2017/12/29,10.82,10.82,10.25,10.32,20013357,286674528.00
2018/01/02,10.32,10.37,9.77,9.88,22351520,304363072.00
2018/01/03,9.85,9.98,9.71,9.96,15448136,208750576.00
2018/01/04,9.91,9.94,9.79,9.82,11150687,150804832.00
2018/01/05,9.82,9.92,9.77,9.85,10075909,136507744.00
2018/01/08,9.85,9.85,9.52,9.66,14617468,193470192.00
2018/01/09,9.63,9.74,9.59,9.61,8106450,107565864.00
2018/01/10,9.58,9.65,9.45,9.64,9398034,123696104.00
2018/01/11,9.59,9.72,9.53,9.70,8432610,111873128.00
2018/01/12,9.72,9.77,9.50,9.54,10528999,139214608.00
2018/01/15,9.55,9.56,9.11,9.14,12039067,153909072.00
2018/01/16,9.24,9.95,9.20,9.73,22320680,294055968.00
2018/01/17,9.69,10.60,9.58,9.76,38129365,523672928.00
2018/01/18,9.63,9.65,9.35,9.48,21709538,283862400.00
2018/01/19,9.47,9.58,9.38,9.45,11826382,154141184.00
2018/01/22,9.41,9.51,9.30,9.46,9091001,118148608.00
2018/01/23,9.68,9.90,9.58,9.81,26550447,355816768.00
2018/01/24,9.64,9.81,9.60,9.76,14941145,198815744.00
2018/01/25,9.72,9.98,9.64,9.82,17226045,232282208.00
2018/01/26,9.96,10.29,9.85,10.02,25688208,354849632.00
2018/01/29,10.02,10.25,9.85,10.19,23454301,324287488.00
2018/01/30,10.18,10.32,10.06,10.25,22542181,314595456.00
2018/01/31,10.18,10.18,9.84,10.02,17873952,245044800.00
2018/02/01,10.07,10.42,9.78,9.85,28016825,388493632.00
2018/02/02,9.58,9.60,8.82,9.44,25477263,323996704.00
2018/02/05,9.64,10.35,9.58,9.66,36886436,498845760.00
2018/02/06,9.06,9.29,8.68,8.75,26065642,324760672.00
2018/02/07,8.98,9.28,8.72,8.92,17428550,216674304.00
2018/02/08,8.95,9.19,8.92,9.07,13230225,164671520.00
2018/02/09,8.77,8.83,8.30,8.48,16436240,195385504.00
2018/02/12,8.59,8.80,8.52,8.69,9497875,113835368.00
2018/02/13,8.77,8.83,8.54,8.55,10444758,124784352.00
2018/02/14,8.54,8.60,8.39,8.49,6030892,70718592.00
2018/02/22,8.64,8.81,8.60,8.76,9495549,114584640.00
2018/02/23,8.68,9.12,8.67,9.05,18201185,223854960.00
2018/02/26,9.10,9.24,8.92,9.18,17854470,224548016.00
2018/02/27,9.13,9.29,9.06,9.25,17003754,214774736.00
2018/02/28,9.13,9.20,9.08,9.16,9717243,122494824.00
2018/03/01,9.08,9.23,9.02,9.16,11308392,142290064.00
2018/03/02,9.10,9.51,9.03,9.32,16382203,209074496.00
2018/03/05,9.27,9.33,9.11,9.23,10702847,135673024.00
2018/03/06,9.26,9.40,9.15,9.38,14997949,191750944.00
2018/03/07,9.36,9.43,9.18,9.19,12390946,158743920.00
2018/03/08,9.14,9.19,8.99,9.09,11582501,144950944.00
2018/03/09,9.09,9.22,9.07,9.18,13698621,172516272.00
2018/03/12,9.16,9.32,9.12,9.31,15869053,201763904.00
2018/03/13,9.27,9.51,9.18,9.19,17695108,227258528.00
2018/03/14,9.10,9.15,9.02,9.03,12098094,151161168.00
2018/03/15,8.99,9.00,8.74,8.86,11089631,136213600.00
2018/03/16,8.82,8.89,8.76,8.78,6655573,81196480.00
2018/03/19,8.77,8.85,8.75,8.79,5299730,64495940.00
2018/03/20,8.73,8.75,8.63,8.71,6377174,76624128.00
2018/03/21,8.71,8.82,8.65,8.73,7204628,87269256.00
2018/03/22,8.73,9.05,8.70,8.99,16319406,200358464.00
2018/03/23,8.98,9.82,8.95,9.28,62951663,809218112.00
2018/03/26,9.30,9.30,8.30,8.68,34694580,411560288.00
2018/03/27,8.48,8.88,8.45,8.85,28608550,343852896.00
2018/03/28,8.68,8.70,8.46,8.49,21576929,256142352.00
2018/03/29,8.52,8.55,8.41,8.53,13838516,162680656.00
2018/03/30,8.57,8.58,8.46,8.53,13012949,153237456.00
2018/04/02,8.62,8.72,8.53,8.71,19739133,235503856.00
2018/04/03,8.60,8.71,8.52,8.53,14567153,173184128.00
2018/04/04,8.59,9.18,8.53,8.98,37662435,459834816.00
2018/04/09,8.91,9.34,8.84,8.95,30857115,384733312.00
2018/04/10,8.83,8.86,8.62,8.74,18050772,217767424.00
2018/04/11,8.73,8.89,8.65,8.88,13951874,169248448.00
2018/04/12,8.80,8.82,8.69,8.71,10308293,124613960.00
2018/04/13,8.73,8.74,8.56,8.58,9949986,118971240.00
2018/04/16,8.53,8.65,8.42,8.45,8799028,103702424.00
2018/04/17,8.47,8.72,8.39,8.61,13979528,165750912.00
2018/04/18,8.56,8.56,8.33,8.49,11389174,133108216.00
2018/04/19,8.45,8.50,8.38,8.46,10093266,117890784.00
2018/04/20,8.54,8.62,8.37,8.39,11278966,132926840.00
2018/04/23,8.37,8.37,7.98,8.13,11604748,131721568.00
2018/04/24,8.07,8.23,8.06,8.22,8374748,95191096.00
2018/04/25,8.15,8.20,8.11,8.15,6217000,70360336.00
2018/04/26,8.15,8.18,7.98,7.98,8167200,91496192.00
2018/04/27,8.02,8.05,7.92,7.98,5663204,62751280.00
2018/05/02,7.98,8.06,7.95,8.04,4386426,48820168.00
2018/05/03,8.02,8.07,7.92,8.05,5788445,64437464.00
2018/05/04,8.06,8.20,8.05,8.16,8600873,97150000.00
2018/05/07,8.14,8.21,8.09,8.19,7596551,86060496.00
2018/05/08,8.16,8.23,8.14,8.22,6903451,78529440.00
2018/05/09,8.18,8.18,8.06,8.08,6826629,76849560.00
2018/05/10,8.07,8.11,8.02,8.05,5723733,64109920.00
2018/05/11,8.05,8.12,8.04,8.07,5081022,56966832.00
2018/05/14,8.05,8.05,7.97,7.98,4861483,54102680.00
2018/05/15,8.00,8.08,7.98,8.07,5260846,58696496.00
2018/05/16,8.05,8.38,8.00,8.32,17028422,194655536.00
2018/05/17,8.28,8.28,8.15,8.19,7561683,86025312.00
2018/05/18,8.15,8.20,8.08,8.17,7114542,80382808.00
2018/05/21,8.10,8.15,8.04,8.15,11191903,125803048.00
2018/05/22,8.17,8.31,8.17,8.25,11153320,127384176.00
2018/05/23,8.22,8.25,8.12,8.14,6627776,75309912.00
2018/05/24,8.15,8.22,8.12,8.20,6476260,73504152.00
2018/05/25,8.23,8.25,8.05,8.09,7130599,80403352.00
2018/05/28,8.10,8.13,7.79,7.83,6757805,56335228.00
2018/05/29,7.82,7.82,7.63,7.67,10888908,88422552.00
2018/05/30,7.71,8.09,7.64,7.71,22356633,184957472.00
2018/05/31,7.62,7.63,7.38,7.54,15921870,125842224.00
2018/06/01,7.56,7.79,7.54,7.61,11485850,92621920.00
2018/06/04,7.46,7.60,7.46,7.51,6898440,54623680.00
2018/06/05,7.47,7.57,7.47,7.56,5923948,46920160.00
2018/06/06,7.58,7.59,7.47,7.51,5927750,46889552.00
2018/06/07,7.52,7.78,7.47,7.61,10751190,86141264.00
2018/06/08,7.55,7.55,7.31,7.35,8421420,65826764.00
2018/06/11,7.36,7.39,7.22,7.27,5944560,45643728.00
2018/06/12,7.27,7.34,7.24,7.33,4317971,33234528.00
2018/06/13,7.30,7.53,7.27,7.32,7910286,61651972.00
2018/06/14,7.26,7.36,7.26,7.31,4228150,32600812.00
2018/06/15,7.32,7.38,6.93,7.11,8900720,67085496.00
2018/06/19,7.23,7.43,6.42,6.63,16295612,121077000.00
2018/06/20,6.47,6.64,6.36,6.56,10190836,70206656.00
2018/06/21,6.53,6.55,6.23,6.25,8829150,60126664.00
2018/06/22,6.20,6.33,6.05,6.25,8136399,54040560.00
2018/06/25,6.32,6.35,6.21,6.28,5618941,37539500.00
2018/06/26,6.16,6.30,6.10,6.29,5099535,33777772.00
2018/06/27,6.30,6.36,6.25,6.29,5349834,35828156.00
2018/06/28,6.33,6.38,6.24,6.27,5777782,38858936.00
2018/06/29,6.24,6.42,6.23,6.39,7164576,48274664.00
2018/07/02,6.34,6.46,6.26,6.28,7456146,50514144.00
2018/07/03,6.27,6.36,6.18,6.35,6757708,45107648.00
2018/07/04,6.31,6.59,6.29,6.52,14286050,98206384.00
2018/07/05,6.45,6.51,6.29,6.30,10228955,69368192.00
2018/07/06,6.40,6.97,6.31,6.86,32496991,229972976.00
2018/07/09,6.70,6.82,6.55,6.80,26575491,188524288.00
2018/07/10,6.73,6.77,6.65,6.73,13453610,95583616.00
2018/07/11,6.63,6.87,6.63,6.70,18773824,134053400.00
2018/07/12,6.63,7.02,6.56,6.87,23821630,171107440.00
2018/07/13,6.81,6.90,6.75,6.77,11746400,84635400.00
2018/07/16,6.74,6.84,6.70,6.77,7581620,54279120.00
2018/07/17,6.76,6.85,6.68,6.84,10072990,72476768.00
2018/07/18,6.83,6.94,6.77,6.89,12741711,92710528.00
2018/07/19,6.82,6.88,6.66,6.70,9511149,68147792.00
2018/07/20,6.68,6.87,6.65,6.84,10621169,76323264.00
2018/07/23,6.78,6.90,6.78,6.87,9319900,67541344.00
2018/07/24,6.88,7.03,6.87,6.99,12899551,95060008.00
2018/07/25,6.96,7.03,6.92,6.97,7778057,57290544.00
2018/07/26,6.97,7.03,6.91,7.02,8097803,59718432.00
2018/07/27,6.99,7.03,6.82,6.87,7863110,57623064.00
2018/07/30,6.83,6.87,6.68,6.73,7013151,50301200.00
2018/07/31,6.75,6.83,6.69,6.82,4971061,35630020.00
2018/08/01,6.81,6.89,6.68,6.70,5835280,41836356.00
2018/08/02,6.72,6.73,6.38,6.52,9175983,63992512.00
2018/08/03,6.47,6.63,6.45,6.47,6176690,42924488.00
2018/08/06,6.46,7.12,6.45,6.68,16024860,115262600.00
2018/08/07,6.63,7.25,6.63,7.18,33716921,251404528.00
2018/08/08,7.10,7.35,6.99,7.30,28174762,213373664.00
2018/08/09,7.29,7.53,7.19,7.51,32504853,252045808.00
2018/08/10,7.55,8.03,7.46,7.68,36774796,300360032.00
2018/08/13,7.52,7.66,7.38,7.62,21250686,168422736.00
2018/08/14,7.53,8.01,7.46,7.96,30132365,247440176.00
2018/08/15,7.88,7.98,7.73,7.74,17597655,144954560.00
2018/08/16,7.61,7.91,7.42,7.53,18594011,149300032.00
2018/08/17,7.74,7.83,7.46,7.54,16663415,133184784.00
2018/08/20,7.51,7.56,7.30,7.48,15658873,122928320.00
2018/08/21,7.47,7.64,7.40,7.51,13758305,109027704.00
2018/08/22,7.50,7.86,7.45,7.84,20097171,162036960.00
2018/08/23,7.71,7.89,7.66,7.85,19751280,161361264.00
2018/08/24,7.74,7.83,7.63,7.68,8451500,68527352.00
2018/08/27,7.80,8.30,7.80,8.00,23756592,200230992.00
2018/08/28,7.90,8.23,7.86,8.08,20472034,173862768.00
2018/08/29,8.02,8.41,7.95,8.33,20764765,179991264.00
2018/08/30,8.35,8.35,7.92,7.99,14321363,121907592.00
2018/08/31,7.99,8.16,7.86,7.99,10720804,90302352.00
2018/09/03,7.97,8.34,7.95,8.17,15944025,136587136.00
2018/09/04,8.18,8.46,8.02,8.42,20091677,174418016.00
2018/09/05,8.37,8.37,8.16,8.24,11871126,102774736.00
2018/09/06,8.22,8.28,7.99,8.03,10665581,90810072.00
2018/09/07,7.98,8.15,7.58,7.71,16984255,139705072.00
2018/09/10,7.63,7.89,7.61,7.65,11145173,90507416.00
2018/09/11,7.71,7.71,7.33,7.54,11783157,92894104.00
2018/09/12,7.51,7.58,7.29,7.32,10451768,81545864.00
2018/09/13,7.36,7.49,7.29,7.42,9138163,71147712.00
2018/09/14,7.43,7.53,7.29,7.31,6773020,52877552.00
2018/09/17,7.31,7.33,7.12,7.22,6118905,46715312.00
2018/09/18,7.25,7.53,7.25,7.45,12999806,101403296.00
2018/09/19,7.42,7.50,7.37,7.45,11892315,93399112.00
2018/09/20,7.45,7.45,7.25,7.35,9878974,76433424.00
2018/09/21,7.36,7.43,7.21,7.43,14716968,113883352.00
2018/09/25,7.37,7.65,7.37,7.62,16463425,130697872.00
2018/09/26,7.65,7.65,7.49,7.54,16435406,130916000.00
2018/09/27,7.65,7.70,7.43,7.45,10453090,83438112.00
2018/09/28,7.37,7.59,7.32,7.57,7426054,58243872.00
2018/10/08,7.39,7.51,7.30,7.32,5545141,43288272.00
2018/10/09,7.33,7.58,7.25,7.55,10009586,78352152.00
2018/10/10,7.55,7.86,7.52,7.79,13942341,113634208.00
2018/10/11,7.56,7.91,7.41,7.56,18784920,152256816.00
2018/10/12,7.50,7.87,7.45,7.83,15693964,127243040.00
2018/10/15,7.83,7.95,7.71,7.80,12312128,101242256.00
2018/10/16,7.75,7.85,7.62,7.66,8732223,70840816.00
2018/10/17,7.79,7.81,6.85,6.85,21213622,156453696.00
2018/10/18,6.54,6.58,6.13,6.13,19836304,132661296.00
2018/10/19,5.95,6.23,5.81,6.18,12940696,83398920.00
2018/10/22,6.21,6.54,6.13,6.45,23164883,157487600.00
2018/10/23,6.39,6.39,6.18,6.19,16860890,112941768.00
2018/10/24,6.16,6.28,6.15,6.18,7986053,52822500.00
2018/10/25,6.05,6.28,5.90,6.24,9279881,60352480.00
2018/10/26,6.23,6.31,6.15,6.21,7263927,48201248.00
2018/10/29,6.18,6.28,6.08,6.18,7376012,48706768.00
2018/10/30,6.17,6.35,6.11,6.35,9455052,63085108.00
2018/10/31,6.33,6.49,6.29,6.44,8779042,59756976.00
2018/11/01,6.47,6.52,6.38,6.38,9086693,62286232.00
2018/11/02,6.44,6.52,6.37,6.50,14794715,101132584.00
2018/11/05,6.46,6.55,6.33,6.44,11012311,75506496.00
2018/11/06,6.40,6.59,6.36,6.53,12120988,83684880.00
2018/11/07,6.53,6.65,6.45,6.48,10118742,70390616.00
2018/11/08,6.51,6.59,6.45,6.47,7912225,54747656.00
2018/11/09,6.45,6.48,6.35,6.37,7602778,51696084.00
2018/11/12,6.33,6.56,6.32,6.56,8826192,60759564.00
2018/11/13,6.56,6.69,6.48,6.62,14264930,99750336.00
2018/11/14,6.60,6.65,6.47,6.50,15632992,108797032.00
2018/11/15,6.49,6.56,6.44,6.55,17966389,123881152.00
2018/11/16,6.56,6.63,6.51,6.62,16137037,112638056.00
2018/11/19,6.62,6.67,6.56,6.65,11107225,77865376.00
2018/11/20,6.60,6.63,6.46,6.48,10543482,73232248.00
2018/11/21,6.40,6.47,6.35,6.44,10323042,70236448.00
2018/11/22,6.44,6.46,6.37,6.41,7803525,53219036.00
2018/11/23,6.40,6.42,6.03,6.05,15094011,99224616.00
2018/11/26,6.02,6.10,6.00,6.02,5480704,35344492.00
2018/11/27,6.06,6.10,6.01,6.04,4454958,28760570.00
2018/11/28,6.02,6.31,5.93,6.24,12920027,84590432.00
2018/11/29,6.27,6.35,6.16,6.16,13559598,90149344.00
2018/11/30,6.13,6.25,6.04,6.19,11066393,72382800.00
2018/12/03,6.20,6.36,6.19,6.32,15364314,102782768.00
2018/12/04,6.28,6.31,6.24,6.30,8816742,58908004.00
2018/12/05,6.20,6.30,6.16,6.25,7864418,52142296.00
2018/12/06,6.24,6.40,6.17,6.19,12140586,81205288.00
2018/12/07,6.21,6.35,6.15,6.31,7967223,52916332.00
2018/12/10,6.26,6.54,6.22,6.45,17725995,120654160.00
2018/12/11,6.44,6.48,6.35,6.42,11911969,81023632.00
2018/12/12,6.42,6.45,6.38,6.42,7075458,48257448.00
2018/12/13,6.45,6.51,6.39,6.45,11797586,80797928.00
2018/12/14,6.44,6.57,6.36,6.38,14230212,97975432.00
2018/12/17,6.34,6.50,6.31,6.45,10064645,68688704.00
2018/12/18,6.40,6.50,6.17,6.24,13409470,89816064.00
2018/12/19,6.25,6.33,6.17,6.24,8554803,56987760.00
2018/12/20,6.21,6.32,6.19,6.28,6286978,41797060.00
2018/12/21,6.25,6.37,6.22,6.37,6795128,45450488.00
2018/12/24,6.58,6.72,6.46,6.49,24805790,173253744.00
2018/12/25,6.32,6.41,6.15,6.28,14636688,97654496.00
2018/12/26,6.26,6.32,6.14,6.14,10038747,66413208.00
2018/12/27,6.22,6.24,6.06,6.15,10838708,71197856.00
2018/12/28,6.12,6.29,6.10,6.23,8033779,52948580.00
2019/01/02,6.27,6.30,6.12,6.14,7160691,47162152.00
2019/01/03,6.16,6.17,6.03,6.06,5858367,38163592.00
2019/01/04,5.98,6.22,5.95,6.19,9139902,59489516.00
2019/01/07,6.21,6.35,6.18,6.31,10426621,69351304.00
2019/01/08,6.28,6.28,6.19,6.22,6746220,44732156.00
2019/01/09,6.24,6.29,6.21,6.22,8044204,53520380.00
2019/01/10,6.21,6.25,6.17,6.21,4515280,29877472.00
2019/01/11,6.21,6.24,6.17,6.24,6030321,39826584.00
2019/01/14,6.23,6.26,6.20,6.21,4689322,31063796.00
2019/01/15,6.22,6.25,6.18,6.24,5566770,36867584.00
2019/01/16,6.24,6.27,6.20,6.22,4886647,32392902.00
2019/01/17,6.22,6.23,6.09,6.09,7362450,48249120.00
2019/01/18,6.09,6.15,6.05,6.14,6335516,41227848.00
2019/01/21,6.15,6.24,6.13,6.23,6561880,43315148.00
2019/01/22,6.22,6.30,6.18,6.27,10768079,71709040.00
2019/01/23,6.26,6.53,6.25,6.39,16029747,108520832.00
2019/01/24,6.34,6.45,6.29,6.38,11213533,75859144.00
2019/01/25,6.35,6.38,6.24,6.25,9789168,65600172.00
2019/01/28,6.30,6.31,6.18,6.22,6149306,40818140.00
2019/01/29,6.20,6.20,5.97,6.08,7155515,46249652.00
2019/01/30,6.03,6.08,6.01,6.04,3936250,25386132.00
2019/01/31,6.05,6.11,5.98,6.05,6197814,40012376.00
2019/02/01,6.08,6.25,6.05,6.21,7486007,49060524.00
2019/02/11,6.20,6.37,6.19,6.35,12437920,83210968.00
2019/02/12,6.37,6.40,6.31,6.37,14337586,96793960.00
2019/02/13,6.36,6.51,6.32,6.48,20373363,138971264.00
2019/02/14,6.45,6.67,6.42,6.55,18016507,124946912.00
2019/02/15,6.54,6.70,6.50,6.62,22238429,155991888.00
2019/02/18,6.63,6.84,6.59,6.80,22784322,162402496.00
2019/02/19,6.80,6.82,6.62,6.79,23466539,167083376.00
2019/02/20,7.00,7.06,6.65,6.69,36788319,266710096.00
2019/02/21,6.61,6.78,6.56,6.62,23724190,167369504.00
2019/02/22,6.60,6.68,6.58,6.68,16162661,113761336.00
2019/02/25,6.70,6.95,6.66,6.94,31569409,228194048.00
2019/02/26,6.93,7.28,6.85,6.97,29712291,220162128.00
2019/02/27,6.93,7.13,6.89,6.96,18394497,136616528.00
2019/02/28,6.95,7.09,6.90,7.05,13877561,102562432.00
2019/03/01,7.04,7.07,6.92,7.03,9665810,71328888.00
2019/03/04,7.02,7.19,7.01,7.06,20692028,154940688.00
2019/03/05,7.05,7.14,6.99,7.14,14718301,109991648.00
2019/03/06,7.12,7.25,7.03,7.22,25315019,190820656.00
2019/03/07,7.20,7.35,7.16,7.26,23467823,179516800.00
2019/03/08,7.15,7.15,6.80,6.81,25719610,190000704.00
2019/03/11,6.87,7.06,6.87,7.05,16145519,119031080.00
2019/03/12,7.07,7.33,7.06,7.28,26154572,198326048.00
2019/03/13,7.29,7.47,7.02,7.07,23711798,181951904.00
2019/03/14,7.04,7.07,6.72,6.81,18320707,133582176.00
2019/03/15,6.81,6.95,6.80,6.86,13143996,95694488.00
2019/03/18,6.88,7.18,6.85,7.13,18099217,134414352.00
2019/03/19,7.13,7.18,7.05,7.15,12254122,91962800.00
2019/03/20,7.16,7.22,6.96,7.12,15174975,113633376.00
2019/03/21,7.12,7.28,7.06,7.21,21207519,161208688.00
2019/03/22,7.16,7.27,7.06,7.26,16990695,128510688.00
2019/03/25,7.13,7.34,7.10,7.18,16721062,127335896.00
2019/03/26,7.20,7.35,7.06,7.07,19382944,147620848.00
2019/03/27,7.09,7.49,6.95,7.37,24275024,184943968.00
2019/03/28,7.28,7.31,7.01,7.03,18258041,138118384.00
2019/03/29,7.03,7.24,6.97,7.21,12970881,97741896.00
2019/04/01,7.23,7.45,7.20,7.44,25757605,199491504.00
2019/04/02,7.41,7.44,7.32,7.40,20246156,157367440.00
2019/04/03,7.36,7.45,7.32,7.43,18184486,141777408.00
2019/04/04,7.50,7.62,7.41,7.46,22265661,175643120.00
2019/04/08,7.50,7.68,7.31,7.52,24343685,192107120.00
2019/04/09,7.48,7.48,7.34,7.42,15011602,116990568.00
2019/04/10,7.39,7.44,7.27,7.35,13969192,108017296.00
2019/04/11,7.37,7.49,7.28,7.29,14526372,112881072.00
2019/04/12,7.29,7.36,7.25,7.32,10083808,77631056.00
2019/04/15,7.38,7.47,7.33,7.33,16029952,125000000.00
2019/04/16,7.32,7.40,7.13,7.39,16414246,126179848.00
2019/04/17,7.38,7.53,7.32,7.49,19705235,154869392.00
2019/04/18,7.48,7.56,7.40,7.42,13699414,107878368.00
2019/04/19,7.41,7.46,7.31,7.42,10003880,77851928.00
2019/04/22,7.48,7.54,7.37,7.39,13653633,107155472.00
2019/04/23,7.38,7.38,7.10,7.16,13474050,102751720.00
2019/04/24,7.16,7.23,7.10,7.21,8056246,60955604.00
2019/04/25,7.16,7.17,6.86,6.89,13201334,98227024.00
2019/04/26,6.86,6.89,6.73,6.74,9818321,70541992.00
2019/04/29,6.74,6.77,6.44,6.48,13757021,96156712.00
2019/04/30,6.47,6.57,6.45,6.56,7820382,54183544.00
2019/05/06,6.45,6.83,6.20,6.34,20590759,143365760.00
2019/05/07,6.35,6.74,6.21,6.72,23025859,159076416.00
2019/05/08,6.62,6.96,6.45,6.65,29139563,208487536.00
2019/05/09,6.53,6.88,6.40,6.77,20498074,142330208.00
2019/05/10,6.56,7.01,6.43,6.89,29923869,216536512.00
2019/05/13,6.78,7.37,6.72,7.20,45047673,338531776.00
2019/05/14,7.08,7.23,6.91,6.98,30737336,228386336.00
2019/05/15,7.00,7.32,6.91,7.18,36900188,278574144.00
2019/05/16,7.18,7.61,7.13,7.30,54298024,421799392.00
2019/05/17,7.28,8.07,7.22,7.80,115736368,954010816.00
2019/05/20,7.62,7.65,6.98,6.98,82204835,622865984.00
2019/05/21,6.90,7.17,6.81,7.05,36369177,269110528.00
2019/05/22,6.98,7.40,6.89,7.26,51338089,390000192.00
2019/05/23,7.07,7.13,6.69,6.77,40443013,295668000.00
2019/05/24,6.70,6.85,6.57,6.60,19188727,135937424.00
2019/05/27,6.65,6.82,6.60,6.80,16003460,114157984.00
2019/05/28,6.77,7.07,6.74,6.94,24870530,182291408.00
2019/05/29,6.85,7.43,6.84,7.34,41533297,313715008.00
2019/05/30,7.34,7.75,7.28,7.65,57389197,443875520.00
2019/05/31,7.55,7.63,7.25,7.42,39847702,303123648.00
2019/06/03,7.43,8.15,7.38,7.77,63939903,512030336.00
2019/06/04,7.46,7.56,7.00,7.12,45223773,338486016.00
2019/06/05,7.24,7.85,7.21,7.85,45345985,356604992.00
2019/06/06,8.20,8.38,7.66,7.83,88989729,730803136.00
2019/06/10,7.99,8.26,7.56,8.05,70034424,569554944.00
2019/06/11,7.95,8.61,7.90,8.25,82008852,687722624.00
2019/06/12,8.03,8.91,8.01,8.56,88473687,761610176.00
2019/06/13,8.38,8.50,8.18,8.31,54353732,462928416.00
2019/06/14,8.23,8.56,7.92,8.01,52572571,446279904.00
2019/06/17,8.05,8.16,7.70,8.05,34099883,279500224.00
2019/06/18,7.96,8.14,7.66,7.81,38150757,307276768.00
2019/06/19,7.70,7.96,7.68,7.89,38100480,305626784.00
2019/06/20,7.81,7.83,7.58,7.79,34348543,272355552.00
2019/06/21,7.70,7.86,7.70,7.78,30502819,243464176.00
2019/06/24,7.77,8.12,7.62,8.12,54660282,443885600.00
2019/06/25,8.02,8.11,7.81,7.86,36970863,301231392.00
2019/06/26,7.79,7.79,7.57,7.59,26533235,208769744.00
2019/06/27,7.60,7.71,7.50,7.67,23133981,180543440.00
2019/06/28,7.65,7.69,7.38,7.48,22019398,169821408.00
2019/07/01,7.50,7.57,7.42,7.54,22983934,176838656.00
2019/07/02,7.50,7.62,7.48,7.51,14502500,112219832.00
2019/07/03,7.53,7.60,7.38,7.48,23975778,184166944.00
2019/07/04,7.47,7.49,7.22,7.25,22410942,168887120.00
2019/07/05,7.26,7.33,7.15,7.30,15532190,115699800.00
2019/07/08,7.26,7.27,6.97,7.13,18858251,137588288.00
2019/07/09,7.07,7.24,7.03,7.16,12694580,93153712.00
2019/07/10,7.13,7.24,7.01,7.04,10891388,79684128.00
2019/07/11,7.07,7.13,6.96,6.98,9823281,71172344.00
2019/07/12,7.02,7.02,6.87,6.89,11663570,83147512.00
2019/07/15,6.82,6.92,6.66,6.90,12998289,91039808.00
2019/07/16,6.87,6.92,6.82,6.85,6882017,48608188.00
2019/07/17,6.86,7.08,6.85,6.99,15260365,109699984.00
2019/07/18,6.96,7.16,6.94,7.01,15881110,115120648.00
2019/07/19,6.96,7.05,6.95,6.95,10952320,78848048.00
2019/07/22,6.86,6.88,6.52,6.58,17203290,118133296.00
2019/07/23,6.58,6.76,6.54,6.69,7833521,53819188.00
2019/07/24,6.69,6.83,6.67,6.80,8606030,60192404.00
2019/07/25,6.82,6.99,6.77,6.93,9365785,66365936.00
2019/07/26,6.90,6.94,6.80,6.83,5367380,37796384.00
2019/07/29,6.84,6.85,6.74,6.79,5918552,41271336.00
2019/07/30,6.83,6.83,6.70,6.76,5901970,41186244.00
2019/07/31,6.72,6.83,6.71,6.76,4914961,34269636.00
2019/08/01,6.74,6.77,6.61,6.63,6585964,45255724.00
2019/08/02,6.70,6.99,6.70,6.92,21792540,153997392.00
2019/08/05,6.86,7.11,6.82,6.98,21185052,152055808.00
2019/08/06,7.05,7.19,6.67,6.85,27228923,195129472.00
2019/08/07,6.79,6.99,6.66,6.92,19704250,138107168.00
2019/08/08,6.81,6.87,6.74,6.79,10362002,72448320.00
2019/08/09,6.80,6.85,6.59,6.61,12674502,87860856.00
2019/08/12,6.60,6.63,6.46,6.56,14482240,97414864.00
2019/08/13,6.51,6.52,6.40,6.45,10993210,73120400.00
2019/08/14,6.46,6.49,6.38,6.40,10706450,71000296.00
2019/08/15,6.28,6.34,6.19,6.32,11582332,74763912.00
2019/08/16,6.33,6.43,6.32,6.40,10356817,68200944.00
2019/08/19,6.37,6.56,6.31,6.54,13929200,92943448.00
2019/08/20,6.52,6.89,6.51,6.87,26439541,183219504.00
2019/08/21,6.82,6.87,6.73,6.75,14360766,100322440.00
2019/08/22,6.76,6.95,6.74,6.77,13781091,97079792.00
2019/08/23,6.78,6.85,6.67,6.77,8584850,59996528.00
2019/08/26,6.89,6.94,6.75,6.75,13292580,93470384.00
2019/08/27,6.77,6.91,6.74,6.85,13954482,97849680.00
2019/08/28,6.80,6.88,6.72,6.78,10298611,72033560.00
2019/08/29,6.77,6.81,6.71,6.72,7487332,52055228.00
2019/08/30,6.70,6.74,6.59,6.59,9816440,67349368.00
2019/09/02,6.59,6.71,6.56,6.67,7122400,48747772.00
2019/09/03,6.66,6.75,6.65,6.71,6024840,41570392.00
2019/09/04,6.69,6.77,6.63,6.76,8396710,58062976.00
2019/09/05,6.78,6.87,6.74,6.81,11990460,84086928.00
2019/09/06,6.81,6.81,6.73,6.76,7986042,55579584.00
2019/09/09,6.80,6.86,6.77,6.85,9098866,63914488.00
2019/09/10,6.90,7.10,6.87,6.98,21195740,152418592.00
2019/09/11,6.95,7.04,6.87,6.91,12440478,89058120.00
2019/09/12,6.91,6.95,6.84,6.88,7416350,52512160.00
2019/09/16,6.87,6.88,6.82,6.85,6890150,48595792.00
2019/09/17,6.85,6.88,6.63,6.66,10265660,71348040.00
2019/09/18,6.68,6.70,6.61,6.62,5971647,40814988.00
2019/09/19,6.62,6.68,6.56,6.67,5816150,39641224.00
2019/09/20,6.67,6.68,6.58,6.60,6205710,42321020.00
2019/09/23,6.60,6.64,6.49,6.52,6866951,46349288.00
2019/09/24,6.51,6.56,6.48,6.52,4396376,29547514.00
2019/09/25,6.53,6.53,6.40,6.40,5535183,36757920.00
2019/09/26,6.44,6.45,6.35,6.42,6201724,40881184.00
2019/09/27,6.41,6.51,6.41,6.44,4817090,32136176.00
2019/09/30,6.43,6.51,6.41,6.41,3334420,22179046.00
2019/10/08,6.41,6.53,6.39,6.53,5361000,35732656.00
2019/10/09,6.52,6.57,6.46,6.57,5170404,34829612.00
2019/10/10,6.57,6.58,6.52,6.56,4115862,27788708.00
2019/10/11,6.56,6.56,6.42,6.50,6362335,42492016.00
2019/10/14,6.45,6.58,6.44,6.53,10028800,67334584.00
2019/10/15,6.52,6.53,6.43,6.47,5337250,35576304.00
2019/10/16,6.48,6.48,6.40,6.40,4111444,27291874.00
2019/10/17,6.40,6.43,6.37,6.41,3969447,26178446.00
2019/10/18,6.41,6.43,6.32,6.33,4491797,29518068.00
2019/10/21,6.33,6.35,6.23,6.31,4114990,26711778.00
2019/10/22,6.30,6.36,6.30,6.34,4106728,26774996.00
2019/10/23,6.33,6.40,6.32,6.37,4268716,28031096.00
2019/10/24,6.37,6.39,6.31,6.37,3867339,25277232.00
2019/10/25,6.37,6.56,6.31,6.53,11632390,77454848.00
2019/10/28,6.52,6.54,6.46,6.50,8445533,56590088.00
2019/10/29,6.52,6.64,6.47,6.47,13054551,88163136.00
2019/10/30,6.45,6.52,6.34,6.37,8078320,53410520.00
2019/10/31,6.36,6.39,6.27,6.27,5831537,37985284.00
2019/11/01,6.27,6.32,6.22,6.31,4132788,26799204.00
2019/11/04,6.35,6.36,6.30,6.31,4347223,28389790.00
2019/11/05,6.33,6.40,6.28,6.37,4388570,28721260.00
2019/11/06,6.36,6.48,6.34,6.44,8313500,55069684.00
2019/11/07,6.41,6.51,6.41,6.48,5948510,39716680.00
2019/11/08,6.50,6.53,6.45,6.45,5131920,34298248.00
2019/11/11,6.41,6.44,6.25,6.29,4793801,31273850.00
2019/11/12,6.29,6.33,6.24,6.33,3247570,21037868.00
2019/11/13,6.35,6.36,6.27,6.30,3121080,20334368.00
2019/11/14,6.32,6.34,6.28,6.33,2690370,17507356.00
2019/11/15,6.30,6.34,6.29,6.29,2909071,18932832.00
2019/11/18,6.30,6.31,6.25,6.28,3148810,20399420.00
2019/11/19,6.28,6.35,6.26,6.34,4686460,30478600.00
2019/11/20,6.33,6.49,6.28,6.43,10357455,68383488.00
2019/11/21,6.39,6.49,6.37,6.38,7963777,52706932.00
2019/11/22,6.41,6.46,6.33,6.35,7180987,47346976.00
2019/11/25,6.34,6.40,6.28,6.38,5784793,37858880.00
2019/11/26,6.38,6.40,6.33,6.36,3153370,20698120.00
2019/11/27,6.69,7.02,6.62,6.74,60162353,428267488.00
2019/11/28,6.50,6.66,6.42,6.54,38758491,261020400.00
2019/11/29,6.49,6.53,6.39,6.40,20876721,138557328.00
2019/12/02,6.40,6.62,6.39,6.61,21197407,141910544.00
2019/12/03,6.56,6.70,6.52,6.59,17819911,121149352.00
2019/12/04,6.58,6.64,6.49,6.62,16565260,112152640.00
2019/12/05,6.57,6.62,6.54,6.61,12798926,86760544.00
2019/12/06,6.62,6.63,6.55,6.58,11754310,79778688.00
2019/12/09,6.59,6.68,6.58,6.66,14939810,102140312.00
2019/12/10,6.66,6.68,6.51,6.59,15758372,107171664.00
2019/12/11,6.57,6.57,6.49,6.52,13619056,91524664.00
2019/12/12,6.51,6.55,6.48,6.51,12105540,81100064.00
2019/12/13,6.48,6.53,6.46,6.52,13571790,90845312.00
2019/12/16,6.51,6.53,6.46,6.53,12007009,80441888.00
2019/12/17,6.51,6.65,6.51,6.63,20543616,139918608.00
2019/12/18,6.64,6.87,6.60,6.78,29570547,205747440.00
2019/12/19,6.80,6.83,6.72,6.76,15874380,110527088.00
2019/12/20,6.76,6.85,6.71,6.76,14673167,102350048.00
2019/12/23,6.83,6.97,6.66,6.66,28553835,200661472.00
2019/12/24,6.63,6.68,6.56,6.68,13657529,93132624.00
2019/12/25,6.66,6.67,6.59,6.64,11278107,76873344.00
2019/12/26,6.62,6.64,6.55,6.64,12891139,87468848.00
2019/12/27,6.61,6.70,6.59,6.63,12961527,88682608.00
2019/12/30,6.63,6.77,6.53,6.76,17732890,121803184.00
2019/12/31,6.79,6.94,6.75,6.79,20573745,144595248.00
2020/01/02,6.83,6.98,6.76,6.94,28774437,203868704.00
2020/01/03,6.97,7.60,6.95,7.41,67259203,503256416.00
2020/01/06,7.28,7.63,7.25,7.53,66657637,510811488.00
2020/01/07,7.37,7.38,7.20,7.27,47489694,354571552.00
2020/01/08,7.20,7.24,6.99,7.00,35705307,260741536.00
2020/01/09,7.05,7.12,6.99,7.06,21226859,153698016.00
2020/01/10,7.06,7.08,6.91,6.95,19730334,141415232.00
2020/01/13,6.96,7.02,6.93,7.02,13812478,99287008.00
2020/01/14,7.07,7.17,7.02,7.11,27199183,198669696.00
2020/01/15,7.04,7.10,6.92,6.95,15900342,114053472.00
2020/01/16,6.95,7.02,6.93,6.98,10554795,75703496.00
2020/01/17,6.96,6.98,6.78,6.83,20850792,147281472.00
2020/01/20,6.85,6.88,6.77,6.88,10179875,71546888.00
2020/01/21,6.86,6.86,6.71,6.72,11792447,82148856.00
2020/01/22,6.71,6.80,6.61,6.76,10874217,75203368.00
2020/01/23,6.70,6.77,6.46,6.54,14823284,101092480.00
2020/02/03,5.87,5.94,5.87,5.87,22639820,137568208.00
2020/02/04,5.82,6.06,5.82,6.04,23300453,143496624.00
2020/02/05,6.01,6.29,5.97,6.18,23328779,148228704.00
2020/02/06,6.28,6.46,6.20,6.36,30738952,201509552.00
2020/02/07,6.31,6.33,6.15,6.28,21856156,140701200.00
2020/02/10,6.22,6.93,6.19,6.93,54206230,376508064.00
2020/02/11,7.06,7.06,6.61,6.68,50097932,351271296.00
2020/02/12,6.60,7.16,6.60,7.14,62590819,452185696.00
2020/02/13,7.14,7.86,7.04,7.51,95691630,738435136.00
2020/02/14,7.36,7.77,7.23,7.58,72390552,555120448.00
2020/02/17,7.92,8.35,7.83,8.08,117237085,973421312.00
2020/02/18,7.78,7.91,7.68,7.81,77349651,616967744.00
2020/02/19,7.73,7.73,7.37,7.38,63747941,490703424.00
2020/02/20,7.37,7.53,7.25,7.51,44389403,337680416.00
2020/02/21,7.45,7.69,7.37,7.56,43328398,336619904.00
2020/02/24,7.55,8.34,7.52,8.34,74793825,612102272.00
2020/02/25,8.25,8.77,8.08,8.54,92190910,796751168.00
2020/02/26,8.97,9.31,8.25,8.33,87352512,783745536.00
2020/02/27,8.38,8.68,8.17,8.36,58514491,501810304.00
2020/02/28,8.04,8.19,7.80,7.83,49997608,411338496.00
2020/03/02,7.92,8.33,7.81,8.26,51098071,424016960.00
2020/03/03,8.28,8.90,8.12,8.72,71400108,619294080.00
2020/03/04,8.58,9.07,8.51,8.78,58825041,529302080.00
2020/03/05,8.80,9.22,8.65,8.83,69562769,636992512.00
2020/03/06,8.74,9.02,8.58,8.62,47788207,427231424.00
2020/03/09,8.31,8.48,8.08,8.15,36856000,312429152.00
2020/03/10,8.01,8.22,7.76,8.15,37996936,312854784.00
2020/03/11,8.08,8.68,8.03,8.23,49278548,421582592.00
2020/03/12,7.93,8.13,7.84,7.93,32815253,267481840.00
2020/03/13,7.60,8.74,7.50,8.74,93596233,808454080.00
2020/03/16,9.11,9.60,8.72,8.78,123308867,1155225984.00
2020/03/17,8.58,8.94,8.12,8.32,72869676,631188608.00
2020/03/18,8.42,8.66,7.82,7.82,63337364,536755616.00
2020/03/19,7.92,8.14,7.68,8.07,48343140,394120736.00
2020/03/20,8.11,8.78,7.96,8.58,58913331,504606816.00
2020/03/23,8.30,9.40,8.25,9.09,94091121,863878080.00
2020/03/24,9.29,9.30,8.74,9.17,73023207,670988160.00
2020/03/25,9.05,9.67,8.98,9.56,92406330,885477632.00
2020/03/26,9.30,10.50,9.25,10.15,102206220,1046614144.00
2020/03/27,10.18,10.43,9.90,10.01,76141247,786129216.00
2020/03/30,10.27,11.02,10.16,10.47,102595295,1111871616.00
2020/03/31,10.08,11.01,10.00,10.92,88787065,969081664.00
2020/04/01,10.71,10.88,10.10,10.16,76997717,815084928.00
2020/04/02,9.95,10.13,9.48,9.84,67726957,672792832.00
2020/04/03,9.74,10.36,9.68,9.99,63097864,649530752.00
2020/04/07,9.92,11.01,9.92,11.01,66077446,716208448.00
2020/04/08,11.12,11.45,10.37,10.41,104843103,1155288576.00
2020/04/09,10.41,10.64,10.04,10.39,62715126,663831552.00
2020/04/10,10.64,11.09,10.27,10.63,82930153,900383616.00
2020/04/13,10.51,10.60,9.55,9.90,55236589,560785728.00
2020/04/14,9.83,10.26,9.83,10.19,43670558,448710272.00
2020/04/15,10.02,10.52,9.90,9.95,55609164,574560256.00
2020/04/16,10.07,10.43,9.98,10.38,61220811,638923776.00
2020/04/17,10.20,10.25,9.86,9.90,57842809,590387456.00
2020/04/20,9.99,10.26,9.90,10.02,40151749,411644096.00
2020/04/21,9.89,10.16,9.65,9.91,43477835,437384928.00
2020/04/22,9.78,10.65,9.76,10.60,84524414,889275520.00
2020/04/23,10.50,11.38,10.39,10.85,98987352,1091011712.00
2020/04/24,10.80,11.06,10.40,10.58,61413858,668399808.00
2020/04/27,10.60,11.16,10.45,10.72,49663154,545700416.00
2020/04/28,10.50,11.08,9.82,10.76,62259881,669949312.00
2020/04/29,10.53,10.78,10.18,10.23,38046316,405374304.00
2020/04/30,10.15,10.30,9.89,9.97,43342789,443105728.00
2020/05/06,9.98,10.33,9.89,10.16,31206964,323029312.00
2020/05/07,10.12,10.65,10.01,10.55,51120867,543553600.00
2020/05/08,10.46,10.57,10.27,10.45,32531353,345152032.00
2020/05/11,10.41,10.65,10.13,10.19,35717427,375706688.00
2020/05/12,10.04,10.28,9.92,10.19,24962223,256828336.00
2020/05/13,10.24,10.30,10.04,10.10,18256331,189116960.00
2020/05/14,9.97,10.10,9.67,9.69,32975004,331218336.00
2020/05/15,9.73,9.94,9.71,9.76,20943427,209477632.00
2020/05/18,9.70,10.24,9.60,10.20,38038169,387625568.00
2020/05/19,9.90,10.18,9.80,10.08,28833581,294347712.00
2020/05/20,10.05,10.28,9.92,9.99,24193356,249325280.00
2020/05/21,9.99,10.02,9.66,9.68,26447256,263645136.00
2020/05/22,9.68,9.89,9.54,9.58,21794526,216008912.00
2020/05/25,9.56,9.64,9.36,9.38,19016393,183579136.00
2020/05/26,9.36,9.48,9.16,9.43,19475721,185686096.00
2020/05/27,9.43,9.65,9.20,9.20,20755385,199441440.00
2020/05/28,9.21,9.24,8.82,8.98,26867578,247179136.00
2020/05/29,8.97,9.13,8.93,8.99,14085287,129724472.00
2020/06/01,9.03,9.19,8.95,9.15,16443104,152834304.00
2020/06/02,9.16,9.29,9.04,9.09,18179169,170059776.00
2020/06/03,9.07,9.09,8.92,9.06,17711197,162799872.00
2020/06/04,9.08,9.21,9.03,9.08,17700007,164834288.00
2020/06/05,9.07,9.08,8.72,8.76,22397996,202529904.00
2020/06/08,8.76,9.05,8.64,9.01,22202834,201931408.00
2020/06/09,8.97,9.04,8.86,8.99,12818700,117256208.00
2020/06/10,8.97,9.16,8.95,9.02,15452682,143421312.00
2020/06/11,9.03,9.08,8.85,8.87,15276056,139392112.00
2020/06/12,8.77,8.99,8.73,8.92,12034371,109458600.00
2020/06/15,8.97,9.23,8.92,8.94,17652350,163780816.00
2020/06/16,8.98,9.02,8.84,9.02,11860986,108305960.00
2020/06/17,9.00,9.34,8.93,9.26,24725379,232185456.00
2020/06/18,9.23,9.23,9.00,9.06,21369642,194027360.00
2020/06/19,9.05,9.09,8.91,8.98,20410730,183060432.00
2020/06/22,8.94,9.26,8.91,9.13,23771879,216415664.00
2020/06/23,9.11,9.11,9.01,9.02,14748649,133352352.00
2020/06/24,9.03,9.04,8.88,8.88,13332448,118916376.00
2020/06/29,8.91,9.52,8.91,9.47,47895057,447296416.00
2020/06/30,9.46,9.56,9.30,9.48,24067985,227097936.00
2020/07/01,9.49,9.58,9.37,9.45,21175426,200598432.00
2020/07/02,9.49,9.53,9.35,9.47,19039721,179778432.00
2020/07/03,9.40,9.52,9.37,9.48,18262684,172535136.00
2020/07/06,9.50,9.81,9.48,9.78,36330800,351050752.00
2020/07/07,9.88,10.13,9.63,9.98,41001835,405963040.00
2020/07/08,9.89,10.43,9.85,10.38,43517984,446642976.00
2020/07/09,10.33,10.67,10.22,10.58,41787824,434990400.00
2020/07/10,11.10,11.36,10.72,11.07,63939468,710679232.00
2020/07/13,11.99,12.18,11.53,12.18,38183792,458560320.00
2020/07/14,12.80,13.27,12.00,12.60,80817138,1010214464.00
2020/07/15,12.32,12.40,11.75,11.79,52135321,630259200.00
2020/07/16,11.72,11.95,11.17,11.17,32348273,374770912.00
2020/07/17,11.22,11.60,11.10,11.24,26925040,304450880.00
2020/07/20,11.50,11.73,11.25,11.70,26269834,303541760.00
2020/07/21,11.67,12.01,11.57,11.73,27455027,323797376.00
2020/07/22,11.56,12.03,11.55,12.00,36272571,428636320.00
2020/07/23,12.08,12.17,11.65,11.81,32556022,385303712.00
2020/07/24,11.60,12.26,11.49,11.58,41164239,490539424.00
2020/07/27,11.98,12.70,11.96,12.24,62966712,780582464.00
2020/07/28,12.17,12.33,11.77,12.15,35004059,420238240.00
2020/07/29,11.99,12.28,11.86,12.24,30210067,365947168.00
2020/07/30,12.26,13.46,12.26,13.46,58589387,775076160.00
2020/07/31,13.45,13.95,13.23,13.53,75130789,1017745472.00
2020/08/03,13.41,14.03,13.33,13.76,59631998,815560768.00
2020/08/04,13.88,14.88,13.58,13.69,73822891,1049889856.00
2020/08/05,13.57,14.76,13.38,14.61,64654166,923030656.00
2020/08/06,14.34,14.95,13.96,14.43,53973328,775427072.00
2020/08/07,14.42,14.66,13.69,13.97,39691902,559575232.00
2020/08/10,13.74,14.18,13.60,13.94,28717113,399380128.00
2020/08/11,13.82,14.47,13.70,13.87,42177978,592101696.00
2020/08/12,14.00,14.69,13.36,13.57,52586963,734691200.00
2020/08/13,13.61,14.93,13.60,14.93,76701279,1127234048.00
2020/08/14,14.93,15.49,14.51,14.85,80772355,1209604480.00
2020/08/17,14.63,16.08,14.46,15.78,64834372,998544320.00
2020/08/18,15.90,17.05,15.73,16.26,64576368,1060047360.00
2020/08/19,16.04,17.26,16.00,16.33,62953301,1047044672.00
2020/08/20,16.08,16.47,15.30,15.52,56175431,888575360.00
2020/08/21,15.66,15.98,15.10,15.41,36297300,560419072.00
